Time,Local Time,CO2_1,CO2_2
1720714804.6386747,Thu Jul 11 18:20:04 2024,"3452
","None
"
1720714811.8715541,Thu Jul 11 18:20:11 2024,"3463
","3622
"
1720715045.9093196,Thu Jul 11 18:24:05 2024,"3524
","None
"
1720715166.5895662,Thu Jul 11 18:26:06 2024,"3623
","4057
"
1720715226.130065,Thu Jul 11 18:27:06 2024,"3637
","None
"
1720715285.9921746,Thu Jul 11 18:28:05 2024,"3649
","4199
"
1720715345.2727258,Thu Jul 11 18:29:05 2024,"3697
","None
"
1720715405.894603,Thu Jul 11 18:30:05 2024,"3791
","4346
"
1720715466.4053905,Thu Jul 11 18:31:06 2024,"3799
","None
"
1720715526.2905848,Thu Jul 11 18:32:06 2024,"3807
","4469
"
1720715585.5677736,Thu Jul 11 18:33:05 2024,"3862
","None
"
1720715646.1917315,Thu Jul 11 18:34:06 2024,"3871
","4595
"
1720715706.1941204,Thu Jul 11 18:35:06 2024,"3917
","None
"
1720715766.09173,Thu Jul 11 18:36:06 2024,"3932
","4655
"
1720715825.351081,Thu Jul 11 18:37:05 2024,"4001
","None
"
1720715885.9897323,Thu Jul 11 18:38:05 2024,"4029
","4776
"
1720715945.487142,Thu Jul 11 18:39:05 2024,"4061
","None
"
1720716006.3849266,Thu Jul 11 18:40:06 2024,"4076
","4959
"
1720716065.6394799,Thu Jul 11 18:41:05 2024,"4167
","None
"
1720716126.284434,Thu Jul 11 18:42:06 2024,"4180
","5028
"
1720716186.2536268,Thu Jul 11 18:43:06 2024,"4285
","None
"
1720716246.183637,Thu Jul 11 18:44:06 2024,"4321
","5124
"
1720716305.8923311,Thu Jul 11 18:45:05 2024,"4343
","None
"
1720716366.464717,Thu Jul 11 18:46:06 2024,"4316
","None
"
1720716426.2822742,Thu Jul 11 18:47:06 2024,"4395
","5319
"
1720716485.600768,Thu Jul 11 18:48:05 2024,"4483
","None
"
1720716546.1790788,Thu Jul 11 18:49:06 2024,"4523
","5397
"
1720716605.7299218,Thu Jul 11 18:50:05 2024,"4573
","None
"
1720716666.5753098,Thu Jul 11 18:51:06 2024,"4583
","5469
"
1720716725.8505895,Thu Jul 11 18:52:05 2024,"4636
","None
"
1720716785.4749074,Thu Jul 11 18:53:05 2024,"4701
","5635
"
1720716845.973735,Thu Jul 11 18:54:05 2024,"4714
","None
"
1720716906.3656077,Thu Jul 11 18:55:06 2024,"4747
","5768
"
1720716965.6123948,Thu Jul 11 18:56:05 2024,"4747
","None
"
1720717026.2623246,Thu Jul 11 18:57:06 2024,"4843
","5861
"
1720717085.73163,Thu Jul 11 18:58:05 2024,"4791
","None
"
1720717146.657518,Thu Jul 11 18:59:06 2024,"4878
","5991
"
1720717206.3649356,Thu Jul 11 19:00:06 2024,"4939
","5998
"
1720717265.9168422,Thu Jul 11 19:01:05 2024,"5024
","None
"
1720717326.748831,Thu Jul 11 19:02:06 2024,"5037
","6071
"
1720717386.0560198,Thu Jul 11 19:03:06 2024,"5034
","None
"
1720717445.6599658,Thu Jul 11 19:04:05 2024,"5134
","6275
"
1720717506.1808515,Thu Jul 11 19:05:06 2024,"5158
","None
"
1720717566.0550947,Thu Jul 11 19:06:06 2024,"5223
","6367
"
1720717625.3196754,Thu Jul 11 19:07:05 2024,"5234
","None
"
1720717685.9492674,Thu Jul 11 19:08:05 2024,"5238
","6510
"
1720717746.4366183,Thu Jul 11 19:09:06 2024,"5266
","None
"
1720717806.3386688,Thu Jul 11 19:10:06 2024,"5390
","6572
"
1720717866.057341,Thu Jul 11 19:11:06 2024,"5356
","None
"
1720717925.735672,Thu Jul 11 19:12:05 2024,"5414
","6724
"
1720717986.1853971,Thu Jul 11 19:13:06 2024,"5446
","None
"
1720718046.1299615,Thu Jul 11 19:14:06 2024,"5484
","6829
"
1720718105.8172421,Thu Jul 11 19:15:05 2024,"5507
","None
"
1720718166.5256486,Thu Jul 11 19:16:06 2024,"5633
","7044
"
1720718226.441576,Thu Jul 11 19:17:06 2024,"5658
","None
"
1720718286.4236214,Thu Jul 11 19:18:06 2024,"5665
","7216
"
1720718346.0597634,Thu Jul 11 19:19:06 2024,"5692
","None
"
1720718405.825453,Thu Jul 11 19:20:05 2024,"5764
","7152
"
1720718466.18625,Thu Jul 11 19:21:06 2024,"5841
","None
"
1720718526.2237911,Thu Jul 11 19:22:06 2024,"5836
","7432
"
1720718585.8133357,Thu Jul 11 19:23:05 2024,"5985
","None
"
1720718646.6206477,Thu Jul 11 19:24:06 2024,"5944
","7539
"
1720718705.930134,Thu Jul 11 19:25:05 2024,"5921
","None
"
1720718766.5182304,Thu Jul 11 19:26:06 2024,"6018
","7574
"
1720718826.0596128,Thu Jul 11 19:27:06 2024,"6039
","None
"
1720718885.916074,Thu Jul 11 19:28:05 2024,"6023
","7772
"
1720718946.1718006,Thu Jul 11 19:29:06 2024,"6194
","None
"
1720719005.808759,Thu Jul 11 19:30:05 2024,"6162
","7831
"
1720719066.2990649,Thu Jul 11 19:31:06 2024,"6296
","None
"
1720719126.1998925,Thu Jul 11 19:32:06 2024,"6255
","7985
"
1720719185.4190245,Thu Jul 11 19:33:05 2024,"6360
","None
"
1720719246.09689,Thu Jul 11 19:34:06 2024,"6309
","8080
"
1720719305.533895,Thu Jul 11 19:35:05 2024,"6428
","None
"
1720719366.4884558,Thu Jul 11 19:36:06 2024,"6463
","8182
"
1720719426.1531456,Thu Jul 11 19:37:06 2024,"6524
","None
"
1720719485.8920236,Thu Jul 11 19:38:05 2024,"6539
","8342
"
1720719546.2733247,Thu Jul 11 19:39:06 2024,"6501
","None
"
1720719606.28083,Thu Jul 11 19:40:06 2024,"6550
","8430
"
1720719665.8885796,Thu Jul 11 19:41:05 2024,"6714
","None
"
1720719726.6673942,Thu Jul 11 19:42:06 2024,"6673
","8584
"
1720719786.007282,Thu Jul 11 19:43:06 2024,"6808
","None
"
1720719846.0578039,Thu Jul 11 19:44:06 2024,"6912
","8601
"
1720719905.6276145,Thu Jul 11 19:45:05 2024,"6829
","None
"
1720719966.4421427,Thu Jul 11 19:46:06 2024,"7014
","8916
"
1720720025.7585995,Thu Jul 11 19:47:05 2024,"6936
","None
"
1720720086.3297672,Thu Jul 11 19:48:06 2024,"7055
","8908
"
1720720145.86019,Thu Jul 11 19:49:05 2024,"7121
","None
"
1720720206.7166388,Thu Jul 11 19:50:06 2024,"7081
","9120
"
1720720265.9836476,Thu Jul 11 19:51:05 2024,"7188
","None
"
1720720325.6129618,Thu Jul 11 19:52:05 2024,"7225
","9110
"
1720720386.0927763,Thu Jul 11 19:53:06 2024,"7258
","None
"
1720720445.9992902,Thu Jul 11 19:54:05 2024,"7287
","9083
"
1720720505.2168872,Thu Jul 11 19:55:05 2024,"7261
","None
"
1720720565.884209,Thu Jul 11 19:56:05 2024,"7380
","9402
"
1720720626.3163862,Thu Jul 11 19:57:06 2024,"7407
","None
"
1720720686.266037,Thu Jul 11 19:58:06 2024,"7410
","9439
"
1720720745.936814,Thu Jul 11 19:59:05 2024,"7483
","None
"
1720720806.649799,Thu Jul 11 20:00:06 2024,"7546
","9528
"
1720720866.0466886,Thu Jul 11 20:01:06 2024,"7529
","None
"
1720720926.0396497,Thu Jul 11 20:02:06 2024,"7718
","9738
"
1720720985.6616092,Thu Jul 11 20:03:05 2024,"7678
","None
"
1720721046.4233317,Thu Jul 11 20:04:06 2024,"7649
","9868
"
1720721105.7692928,Thu Jul 11 20:05:05 2024,"7717
","None
"
1720721166.320235,Thu Jul 11 20:06:06 2024,"7745
","None
"
1720721226.0062582,Thu Jul 11 20:07:06 2024,"7728
","10001
"
1720721285.4415154,Thu Jul 11 20:08:05 2024,"7836
","None
"
1720721346.3926716,Thu Jul 11 20:09:06 2024,"7901
","10001
"
1720721406.0467682,Thu Jul 11 20:10:06 2024,"8012
","None
"
1720721465.78349,Thu Jul 11 20:11:05 2024,"8005
","10001
"
1720721526.1515055,Thu Jul 11 20:12:06 2024,"7980
","None
"
1720721586.1661456,Thu Jul 11 20:13:06 2024,"7998
","10001
"
1720721645.759906,Thu Jul 11 20:14:05 2024,"8168
","None
"
1720721706.550547,Thu Jul 11 20:15:06 2024,"8182
","10001
"
1720721765.8691878,Thu Jul 11 20:16:05 2024,"8160
","None
"
1720721826.4359884,Thu Jul 11 20:17:06 2024,"8138
","10001
"
1720721885.979245,Thu Jul 11 20:18:05 2024,"8203
","None
"
1720721945.822399,Thu Jul 11 20:19:05 2024,"8273
","10001
"
1720722006.0886207,Thu Jul 11 20:20:06 2024,"8318
","None
"
1720722065.7086148,Thu Jul 11 20:21:05 2024,"8275
","10001
"
1720722126.201503,Thu Jul 11 20:22:06 2024,"8408
","None
"
1720722186.0942347,Thu Jul 11 20:23:06 2024,"8438
","10001
"
1720722245.8015184,Thu Jul 11 20:24:05 2024,"8453
","None
"
1720722306.475871,Thu Jul 11 20:25:06 2024,"8531
","10001
"
1720722365.9158776,Thu Jul 11 20:26:05 2024,"8471
","None
"
1720722426.8557036,Thu Jul 11 20:27:06 2024,"8524
","10001
"
1720722486.5212202,Thu Jul 11 20:28:06 2024,"8572
","None
"
1720722546.2566874,Thu Jul 11 20:29:06 2024,"8554
","10001
"
1720722605.6393142,Thu Jul 11 20:30:05 2024,"8599
","None
"
1720722666.635325,Thu Jul 11 20:31:06 2024,"8644
","10001
"
1720722726.2488034,Thu Jul 11 20:32:06 2024,"8692
","None
"
1720722786.0225744,Thu Jul 11 20:33:06 2024,"8803
","10001
"
1720722845.3623447,Thu Jul 11 20:34:05 2024,"8787
","None
"
1720722905.9166434,Thu Jul 11 20:35:05 2024,"8771
","None
"
1720722966.5938432,Thu Jul 11 20:36:06 2024,"8926
","10001
"
1720723025.5223122,Thu Jul 11 20:37:05 2024,"8822
","None
"
1720723086.477407,Thu Jul 11 20:38:06 2024,"8910
","10001
"
1720723146.1345146,Thu Jul 11 20:39:06 2024,"8969
","None
"
1720723205.8672397,Thu Jul 11 20:40:05 2024,"9007
","10001
"
1720723266.230773,Thu Jul 11 20:41:06 2024,"9179
","None
"
1720723326.2440073,Thu Jul 11 20:42:06 2024,"9004
","10001
"
1720723385.846205,Thu Jul 11 20:43:05 2024,"9285
","None
"
1720723446.6241794,Thu Jul 11 20:44:06 2024,"9222
","10001
"
1720723505.936934,Thu Jul 11 20:45:05 2024,"9304
","None
"
1720723566.5053535,Thu Jul 11 20:46:06 2024,"9323
","10001
"
1720723626.039589,Thu Jul 11 20:47:06 2024,"9246
","None
"
1720723685.8894367,Thu Jul 11 20:48:05 2024,"9413
","10001
"
1720723746.140441,Thu Jul 11 20:49:06 2024,"9381
","None
"
1720723805.7713342,Thu Jul 11 20:50:05 2024,"9443
","10001
"
1720723866.241621,Thu Jul 11 20:51:06 2024,"9362
","None
"
1720723926.1551006,Thu Jul 11 20:52:06 2024,"9637
","10001
"
1720723985.842425,Thu Jul 11 20:53:05 2024,"9600
","None
"
1720724046.537077,Thu Jul 11 20:54:06 2024,"9633
","10001
"
1720724105.9437673,Thu Jul 11 20:55:05 2024,"9688
","None
"
1720724166.9156752,Thu Jul 11 20:56:06 2024,"9642
","10001
"
1720724226.5421546,Thu Jul 11 20:57:06 2024,"9799
","None
"
1720724286.295281,Thu Jul 11 20:58:06 2024,"9693
","10001
"
1720724345.6498003,Thu Jul 11 20:59:05 2024,"9790
","None
"
1720724406.1839044,Thu Jul 11 21:00:06 2024,"9891
","None
"
1720724465.7411032,Thu Jul 11 21:01:05 2024,"9883
","None
"
1720724526.552534,Thu Jul 11 21:02:06 2024,"9864
","10001
"
1720724585.852219,Thu Jul 11 21:03:05 2024,"9983
","None
"
1720724646.4347029,Thu Jul 11 21:04:06 2024,"9878
","10001
"
1720724705.942349,Thu Jul 11 21:05:05 2024,"9958
","None
"
1720724766.8113306,Thu Jul 11 21:06:06 2024,"10001
","10001
"
1720724825.5503838,Thu Jul 11 21:07:05 2024,"10001
","None
"
1720724886.1928189,Thu Jul 11 21:08:06 2024,"9995
","10001
"
1720724945.6554248,Thu Jul 11 21:09:05 2024,"10001
","None
"
1720725006.5709352,Thu Jul 11 21:10:06 2024,"10001
","10001
"
1720725066.244602,Thu Jul 11 21:11:06 2024,"10001
","None
"
1720725125.9494178,Thu Jul 11 21:12:05 2024,"10001
","10001
"
1720725186.339087,Thu Jul 11 21:13:06 2024,"10001
","None
"
1720725246.3232374,Thu Jul 11 21:14:06 2024,"10001
","10001
"
1720725305.942478,Thu Jul 11 21:15:05 2024,"10001
","None
"
1720725366.6965804,Thu Jul 11 21:16:06 2024,"10001
","10001
"
1720725426.0535514,Thu Jul 11 21:17:06 2024,"10001
","None
"
1720725486.0765235,Thu Jul 11 21:18:06 2024,"10001
","10001
"
1720725545.6553845,Thu Jul 11 21:19:05 2024,"10001
","None
"
1720725606.4519076,Thu Jul 11 21:20:06 2024,"10001
","10001
"
1720725665.7509143,Thu Jul 11 21:21:05 2024,"10001
","None
"
1720725726.3370676,Thu Jul 11 21:22:06 2024,"10001
","10001
"
1720725785.8413203,Thu Jul 11 21:23:05 2024,"10001
","None
"
1720725846.712555,Thu Jul 11 21:24:06 2024,"10001
","10001
"
1720725905.957382,Thu Jul 11 21:25:05 2024,"7750
","None
"
1720725965.5925624,Thu Jul 11 21:26:05 2024,"10001
","10001
"
1720726026.0345733,Thu Jul 11 21:27:06 2024,"10001
","None
"
1720726085.9676707,Thu Jul 11 21:28:05 2024,"10001
","10001
"
1720726145.6468298,Thu Jul 11 21:29:05 2024,"10001
","None
"
1720726206.341093,Thu Jul 11 21:30:06 2024,"10001
","10001
"
1720726265.7416663,Thu Jul 11 21:31:05 2024,"10001
","None
"
1720726326.7160563,Thu Jul 11 21:32:06 2024,"10001
","10001
"
1720726386.3401594,Thu Jul 11 21:33:06 2024,"10001
","None
"
1720726446.0977988,Thu Jul 11 21:34:06 2024,"10001
","10001
"
1720726505.433671,Thu Jul 11 21:35:05 2024,"10001
","None
"
1720726565.975115,Thu Jul 11 21:36:05 2024,"10001
","10001
"
1720726625.5284483,Thu Jul 11 21:37:05 2024,"10001
","None
"
1720726686.349393,Thu Jul 11 21:38:06 2024,"10001
","10001
"
1720726745.6365726,Thu Jul 11 21:39:05 2024,"10001
","None
"
1720726806.223691,Thu Jul 11 21:40:06 2024,"10001
","10001
"
1720726865.733548,Thu Jul 11 21:41:05 2024,"10001
","None
"
1720726926.5966945,Thu Jul 11 21:42:06 2024,"10001
","10001
"
1720726985.8490088,Thu Jul 11 21:43:05 2024,"8200
","None
"
1720727046.4733913,Thu Jul 11 21:44:06 2024,"10001
","10001
"
1720727105.9200613,Thu Jul 11 21:45:05 2024,"10001
","None
"
1720727166.847946,Thu Jul 11 21:46:06 2024,"10001
","10001
"
1720727226.5139709,Thu Jul 11 21:47:06 2024,"10001
","None
"
1720727286.2280235,Thu Jul 11 21:48:06 2024,"10001
","10001
"
1720727345.6061535,Thu Jul 11 21:49:05 2024,"10001
","None
"
1720727406.5983691,Thu Jul 11 21:50:06 2024,"10001
","10001
"
1720727466.207893,Thu Jul 11 21:51:06 2024,"10001
","None
"
1720727525.9752843,Thu Jul 11 21:52:05 2024,"10001
","10001
"
1720727586.3025732,Thu Jul 11 21:53:06 2024,"10001
","None
"
1720727645.8505788,Thu Jul 11 21:54:05 2024,"10001
","10001
"
1720727706.3867006,Thu Jul 11 21:55:06 2024,"10001
","None
"
1720727766.2222052,Thu Jul 11 21:56:06 2024,"10001
","10001
"
1720727825.4913323,Thu Jul 11 21:57:05 2024,"10001
","None
"
1720727886.0964303,Thu Jul 11 21:58:06 2024,"10001
","10001
"
1720727946.0899017,Thu Jul 11 21:59:06 2024,"10001
","None
"
1720728005.9681842,Thu Jul 11 22:00:05 2024,"10001
","10001
"
1720728065.2014961,Thu Jul 11 22:01:05 2024,"8001
","None
"
1720728125.8490453,Thu Jul 11 22:02:05 2024,"10001
","10001
"
1720728186.522467,Thu Jul 11 22:03:06 2024,"10001
","10001
"
1720728245.8112707,Thu Jul 11 22:04:05 2024,"10001
","None
"
1720728305.3994577,Thu Jul 11 22:05:05 2024,"10001
","10001
"
1720728365.900159,Thu Jul 11 22:06:05 2024,"10001
","None
"
1720728426.7643988,Thu Jul 11 22:07:06 2024,"10001
","10001
"
1720728486.4874456,Thu Jul 11 22:08:06 2024,"10001
","None
"
1720728546.1373315,Thu Jul 11 22:09:06 2024,"10001
","10001
"
1720728605.5983095,Thu Jul 11 22:10:05 2024,"10001
","None
"
1720728666.506827,Thu Jul 11 22:11:06 2024,"10001
","10001
"
1720728726.168538,Thu Jul 11 22:12:06 2024,"10001
","None
"
1720728785.8788867,Thu Jul 11 22:13:05 2024,"10001
","10001
"
1720728846.253881,Thu Jul 11 22:14:06 2024,"10001
","None
"
1720728906.2492478,Thu Jul 11 22:15:06 2024,"10001
","10001
"
1720728965.8515775,Thu Jul 11 22:16:05 2024,"10001
","None
"
1720729026.617899,Thu Jul 11 22:17:06 2024,"10001
","10001
"
1720729085.9388719,Thu Jul 11 22:18:05 2024,"10001
","None
"
1720729145.4979122,Thu Jul 11 22:19:05 2024,"10001
","None
"
1720729206.1734116,Thu Jul 11 22:20:06 2024,"10001
","10001
"
1720729265.5838609,Thu Jul 11 22:21:05 2024,"10001
","None
"
1720729326.5421543,Thu Jul 11 22:22:06 2024,"10001
","10001
"
1720729386.1702611,Thu Jul 11 22:23:06 2024,"10001
","None
"
1720729445.9140503,Thu Jul 11 22:24:05 2024,"10001
","10001
"
1720729506.263206,Thu Jul 11 22:25:06 2024,"10001
","None
"
1720729566.2797174,Thu Jul 11 22:26:06 2024,"10001
","10001
"
1720729625.839509,Thu Jul 11 22:27:05 2024,"10001
","None
"
1720729686.6446645,Thu Jul 11 22:28:06 2024,"10001
","10001
"
1720729745.9421139,Thu Jul 11 22:29:05 2024,"10001
","None
"
1720729806.5144627,Thu Jul 11 22:30:06 2024,"10001
","10001
"
1720729866.016866,Thu Jul 11 22:31:06 2024,"10001
","None
"
1720729925.881703,Thu Jul 11 22:32:05 2024,"10001
","10001
"
1720729986.1336374,Thu Jul 11 22:33:06 2024,"8001
","None
"
1720730045.7509344,Thu Jul 11 22:34:05 2024,"10001
","10001
"
1720730105.2196212,Thu Jul 11 22:35:05 2024,"10001
","None
"
1720730166.1127775,Thu Jul 11 22:36:06 2024,"10001
","10001
"
1720730225.7808423,Thu Jul 11 22:37:05 2024,"10001
","None
"
1720730286.4756815,Thu Jul 11 22:38:06 2024,"10001
","10001
"
1720730345.8696196,Thu Jul 11 22:39:05 2024,"10001
","None
"
1720730406.83902,Thu Jul 11 22:40:06 2024,"10001
","10001
"
1720730466.4546156,Thu Jul 11 22:41:06 2024,"10001
","None
"
1720730526.2059495,Thu Jul 11 22:42:06 2024,"10001
","10001
"
1720730585.5605671,Thu Jul 11 22:43:05 2024,"10001
","None
"
1720730646.5670116,Thu Jul 11 22:44:06 2024,"10001
","10001
"
1720730706.147806,Thu Jul 11 22:45:06 2024,"10001
","None
"
1720730765.9338083,Thu Jul 11 22:46:05 2024,"10001
","10001
"
1720730826.2335901,Thu Jul 11 22:47:06 2024,"10001
","None
"
1720730885.8024945,Thu Jul 11 22:48:05 2024,"10001
","10001
"
1720730946.337756,Thu Jul 11 22:49:06 2024,"10001
","None
"
1720731006.1608703,Thu Jul 11 22:50:06 2024,"10001
","10001
"
1720731065.443031,Thu Jul 11 22:51:05 2024,"10001
","None
"
1720731126.039887,Thu Jul 11 22:52:06 2024,"10001
","10001
"
1720731185.5490785,Thu Jul 11 22:53:05 2024,"10001
","None
"
1720731246.4036362,Thu Jul 11 22:54:06 2024,"10001
","10001
"
1720731305.6358056,Thu Jul 11 22:55:05 2024,"10001
","None
"
1720731366.2679906,Thu Jul 11 22:56:06 2024,"10001
","10001
"
1720731425.7257326,Thu Jul 11 22:57:05 2024,"10001
","None
"
1720731486.6301365,Thu Jul 11 22:58:06 2024,"10001
","10001
"
1720731546.3148932,Thu Jul 11 22:59:06 2024,"10001
","None
"
1720731605.8668222,Thu Jul 11 23:00:05 2024,"10001
","None
"
1720731666.6791534,Thu Jul 11 23:01:06 2024,"10001
","10001
"
1720731725.951791,Thu Jul 11 23:02:05 2024,"10001
","None
"
1720731786.0444636,Thu Jul 11 23:03:06 2024,"10001
","10001
"
1720731845.5467944,Thu Jul 11 23:04:05 2024,"10001
","None
"
1720731906.405267,Thu Jul 11 23:05:06 2024,"10001
","10001
"
1720731966.1230578,Thu Jul 11 23:06:06 2024,"10001
","None
"
1720732025.7691054,Thu Jul 11 23:07:05 2024,"10001
","10001
"
1720732086.2127078,Thu Jul 11 23:08:06 2024,"10001
","None
"
1720732146.1272604,Thu Jul 11 23:09:06 2024,"10001
","10001
"
1720732205.790654,Thu Jul 11 23:10:05 2024,"10001
","None
"
1720732266.486393,Thu Jul 11 23:11:06 2024,"10001
","10001
"
1720732325.879651,Thu Jul 11 23:12:05 2024,"10001
","None
"
1720732386.8426075,Thu Jul 11 23:13:06 2024,"10001
","10001
"
1720732446.4571073,Thu Jul 11 23:14:06 2024,"10001
","None
"
1720732506.2075658,Thu Jul 11 23:15:06 2024,"10001
","10001
"
1720732565.558592,Thu Jul 11 23:16:05 2024,"10001
","None
"
1720732626.5661561,Thu Jul 11 23:17:06 2024,"10001
","10001
"
1720732686.1327128,Thu Jul 11 23:18:06 2024,"10001
","None
"
1720732745.9282613,Thu Jul 11 23:19:05 2024,"10001
","10001
"
1720732806.2219927,Thu Jul 11 23:20:06 2024,"10001
","None
"
1720732865.7894921,Thu Jul 11 23:21:05 2024,"10001
","10001
"
1720732926.3117962,Thu Jul 11 23:22:06 2024,"10001
","None
"
1720732986.1469035,Thu Jul 11 23:23:06 2024,"10001
","10001
"
1720733045.4108703,Thu Jul 11 23:24:05 2024,"10001
","None
"
1720733106.0050328,Thu Jul 11 23:25:06 2024,"10001
","10001
"
1720733165.4991808,Thu Jul 11 23:26:05 2024,"10001
","None
"
1720733226.363388,Thu Jul 11 23:27:06 2024,"10001
","10001
"
1720733285.596859,Thu Jul 11 23:28:05 2024,"8002
","None
"
1720733346.2230163,Thu Jul 11 23:29:06 2024,"10001
","10001
"
1720733405.6612475,Thu Jul 11 23:30:05 2024,"10001
","None
"
1720733466.5813599,Thu Jul 11 23:31:06 2024,"10001
","10001
"
1720733526.245499,Thu Jul 11 23:32:06 2024,"10001
","None
"
1720733585.942924,Thu Jul 11 23:33:05 2024,"10001
","10001
"
1720733646.325045,Thu Jul 11 23:34:06 2024,"10001
","None
"
1720733706.3014169,Thu Jul 11 23:35:06 2024,"10001
","10001
"
1720733765.9002585,Thu Jul 11 23:36:05 2024,"10001
","None
"
1720733826.6590626,Thu Jul 11 23:37:06 2024,"10001
","10001
"
1720733885.991505,Thu Jul 11 23:38:05 2024,"10001
","None
"
1720733946.0283463,Thu Jul 11 23:39:06 2024,"10001
","None
"
1720734005.7043748,Thu Jul 11 23:40:05 2024,"10001
","10001
"
1720734066.1136932,Thu Jul 11 23:41:06 2024,"10001
","None
"
1720734126.0627668,Thu Jul 11 23:42:06 2024,"10001
","10001
"
1720734185.6955721,Thu Jul 11 23:43:05 2024,"10001
","None
"
1720734246.4253082,Thu Jul 11 23:44:06 2024,"10001
","10001
"
1720734305.772858,Thu Jul 11 23:45:05 2024,"10001
","None
"
1720734366.78477,Thu Jul 11 23:46:06 2024,"10001
","10001
"
1720734426.3611982,Thu Jul 11 23:47:06 2024,"10001
","None
"
1720734486.1479757,Thu Jul 11 23:48:06 2024,"10001
","10001
"
1720734545.4510365,Thu Jul 11 23:49:05 2024,"10001
","None
"
1720734606.01186,Thu Jul 11 23:50:06 2024,"10001
","10001
"
1720734665.5301518,Thu Jul 11 23:51:05 2024,"10001
","None
"
1720734726.37109,Thu Jul 11 23:52:06 2024,"10001
","10001
"
1720734785.6144674,Thu Jul 11 23:53:05 2024,"10001
","None
"
1720734846.232644,Thu Jul 11 23:54:06 2024,"10001
","10001
"
1720734905.7055943,Thu Jul 11 23:55:05 2024,"10001
","None
"
1720734966.592674,Thu Jul 11 23:56:06 2024,"10001
","10001
"
1720735026.2729633,Thu Jul 11 23:57:06 2024,"10001
","None
"
1720735085.814464,Thu Jul 11 23:58:05 2024,"10001
","None
"
1720735146.6268833,Thu Jul 11 23:59:06 2024,"10001
","10001
"
1720735205.9102302,Fri Jul 12 00:00:05 2024,"10001
","None
"
1720735265.9868019,Fri Jul 12 00:01:05 2024,"10001
","10001
"
1720735325.48316,Fri Jul 12 00:02:05 2024,"10001
","None
"
1720735386.343753,Fri Jul 12 00:03:06 2024,"10001
","10001
"
1720735445.5809298,Fri Jul 12 00:04:05 2024,"10001
","None
"
1720735506.205673,Fri Jul 12 00:05:06 2024,"10001
","10001
"
1720735565.6326735,Fri Jul 12 00:06:05 2024,"10001
","None
"
1720735626.5617442,Fri Jul 12 00:07:06 2024,"10001
","10001
"
1720735686.2299492,Fri Jul 12 00:08:06 2024,"10001
","None
"
1720735745.9210286,Fri Jul 12 00:09:05 2024,"10001
","10001
"
1720735806.3136911,Fri Jul 12 00:10:06 2024,"10001
","None
"
1720735866.27388,Fri Jul 12 00:11:06 2024,"10001
","10001
"
1720735925.896322,Fri Jul 12 00:12:05 2024,"10001
","None
"
1720735986.6290722,Fri Jul 12 00:13:06 2024,"10001
","10001
"
1720736045.9736555,Fri Jul 12 00:14:05 2024,"10001
","None
"
1720736105.989491,Fri Jul 12 00:15:05 2024,"10001
","10001
"
1720736165.568992,Fri Jul 12 00:16:05 2024,"10001
","None
"
1720736226.3434584,Fri Jul 12 00:17:06 2024,"10001
","10001
"
1720736285.6558113,Fri Jul 12 00:18:05 2024,"10001
","None
"
1720736346.1958044,Fri Jul 12 00:19:06 2024,"10001
","10001
"
1720736405.7389076,Fri Jul 12 00:20:05 2024,"10001
","None
"
1720736466.5505095,Fri Jul 12 00:21:06 2024,"10001
","10001
"
1720736525.8184025,Fri Jul 12 00:22:05 2024,"10001
","None
"
1720736585.4126065,Fri Jul 12 00:23:05 2024,"10001
","10001
"
1720736645.9098835,Fri Jul 12 00:24:05 2024,"10001
","None
"
1720736706.7599423,Fri Jul 12 00:25:06 2024,"10001
","10001
"
1720736766.0024834,Fri Jul 12 00:26:06 2024,"8020
","None
"
1720736825.6197252,Fri Jul 12 00:27:05 2024,"10001
","10001
"
1720736886.0605443,Fri Jul 12 00:28:06 2024,"10001
","None
"
1720736945.9697442,Fri Jul 12 00:29:05 2024,"10001
","10001
"
1720737005.641322,Fri Jul 12 00:30:05 2024,"10001
","None
"
1720737066.3239198,Fri Jul 12 00:31:06 2024,"10001
","10001
"
1720737125.7201116,Fri Jul 12 00:32:05 2024,"10001
","None
"
1720737186.6759415,Fri Jul 12 00:33:06 2024,"10001
","10001
"
1720737246.2984192,Fri Jul 12 00:34:06 2024,"10001
","None
"
1720737306.0323813,Fri Jul 12 00:35:06 2024,"10001
","10001
"
1720737365.3884754,Fri Jul 12 00:36:05 2024,"10001
","None
"
1720737426.3817213,Fri Jul 12 00:37:06 2024,"10001
","10001
"
1720737485.9729786,Fri Jul 12 00:38:05 2024,"10001
","None
"
1720737545.7340546,Fri Jul 12 00:39:05 2024,"10001
","10001
"
1720737606.0389273,Fri Jul 12 00:40:06 2024,"10001
","None
"
1720737665.5882192,Fri Jul 12 00:41:05 2024,"10001
","10001
"
1720737726.1228077,Fri Jul 12 00:42:06 2024,"10001
","None
"
1720737785.9361727,Fri Jul 12 00:43:05 2024,"10001
","10001
"
1720737846.2085912,Fri Jul 12 00:44:06 2024,"10001
","None
"
1720737905.7984722,Fri Jul 12 00:45:05 2024,"10001
","10001
"
1720737966.2891507,Fri Jul 12 00:46:06 2024,"10001
","None
"
1720738026.1459377,Fri Jul 12 00:47:06 2024,"10001
","10001
"
1720738085.4006803,Fri Jul 12 00:48:05 2024,"8200
","None
"
1720738145.9961722,Fri Jul 12 00:49:05 2024,"10001
","10001
"
1720738205.4702818,Fri Jul 12 00:50:05 2024,"10001
","None
"
1720738266.3425415,Fri Jul 12 00:51:06 2024,"10001
","10001
"
1720738326.0278351,Fri Jul 12 00:52:06 2024,"10001
","None
"
1720738385.6931062,Fri Jul 12 00:53:05 2024,"10001
","10001
"
1720738446.1171737,Fri Jul 12 00:54:06 2024,"10001
","None
"
1720738506.0365136,Fri Jul 12 00:55:06 2024,"10001
","10001
"
1720738565.6910174,Fri Jul 12 00:56:05 2024,"10001
","None
"
1720738626.3780375,Fri Jul 12 00:57:06 2024,"10001
","10001
"
1720738685.7717624,Fri Jul 12 00:58:05 2024,"10001
","None
"
1720738745.7269025,Fri Jul 12 00:59:05 2024,"8002
","10001
"
1720738806.3479548,Fri Jul 12 01:00:06 2024,"10001
","None
"
1720738865.5741482,Fri Jul 12 01:01:05 2024,"10001
","10001
"
1720738925.929234,Fri Jul 12 01:02:05 2024,"10001
","None
"
1720738986.9120927,Fri Jul 12 01:03:06 2024,"10001
","10001
"
1720739046.4917724,Fri Jul 12 01:04:06 2024,"10001
","None
"
1720739106.2631311,Fri Jul 12 01:05:06 2024,"10001
","10001
"
1720739165.5898001,Fri Jul 12 01:06:05 2024,"10001
","None
"
1720739226.1254382,Fri Jul 12 01:07:06 2024,"10001
","None
"
1720739285.786155,Fri Jul 12 01:08:05 2024,"10001
","10001
"
1720739346.198728,Fri Jul 12 01:09:06 2024,"10001
","None
"
1720739406.1285753,Fri Jul 12 01:10:06 2024,"10001
","10001
"
1720739465.7767382,Fri Jul 12 01:11:05 2024,"10001
","None
"
1720739526.4720576,Fri Jul 12 01:12:06 2024,"10001
","10001
"
1720739586.3376865,Fri Jul 12 01:13:06 2024,"10001
","None
"
1720739646.3173568,Fri Jul 12 01:14:06 2024,"10001
","10001
"
1720739705.9176896,Fri Jul 12 01:15:05 2024,"10001
","None
"
1720739766.6597145,Fri Jul 12 01:16:06 2024,"10001
","10001
"
1720739825.994395,Fri Jul 12 01:17:05 2024,"10001
","None
"
1720739886.004977,Fri Jul 12 01:18:06 2024,"10001
","10001
"
1720739945.585949,Fri Jul 12 01:19:05 2024,"10001
","None
"
1720740006.3457932,Fri Jul 12 01:20:06 2024,"10001
","10001
"
1720740065.657119,Fri Jul 12 01:21:05 2024,"10001
","None
"
1720740126.1874688,Fri Jul 12 01:22:06 2024,"10001
","None
"
1720740185.7248366,Fri Jul 12 01:23:05 2024,"10001
","None
"
1720740246.533007,Fri Jul 12 01:24:06 2024,"10001
","10001
"
1720740305.7990406,Fri Jul 12 01:25:05 2024,"10001
","None
"
1720740366.376463,Fri Jul 12 01:26:06 2024,"10001
","10001
"
1720740425.8687813,Fri Jul 12 01:27:05 2024,"10001
","None
"
1720740486.717725,Fri Jul 12 01:28:06 2024,"10001
","10001
"
1720740545.9327586,Fri Jul 12 01:29:05 2024,"10001
","None
"
1720740606.5647717,Fri Jul 12 01:30:06 2024,"10001
","10001
"
1720740666.4962497,Fri Jul 12 01:31:06 2024,"10001
","None
"
1720740726.409656,Fri Jul 12 01:32:06 2024,"10001
","10001
"
1720740786.0798292,Fri Jul 12 01:33:06 2024,"10001
","None
"
1720740845.756181,Fri Jul 12 01:34:05 2024,"10001
","10001
"
1720740906.1546772,Fri Jul 12 01:35:06 2024,"10001
","None
"
1720740966.0997548,Fri Jul 12 01:36:06 2024,"10001
","10001
"
1720741025.7234206,Fri Jul 12 01:37:05 2024,"10001
","None
"
1720741086.440585,Fri Jul 12 01:38:06 2024,"10001
","10001
"
1720741145.7922666,Fri Jul 12 01:39:05 2024,"10001
","None
"
1720741206.7857635,Fri Jul 12 01:40:06 2024,"10001
","10001
"
1720741266.3631923,Fri Jul 12 01:41:06 2024,"10001
","None
"
1720741326.1359,Fri Jul 12 01:42:06 2024,"10001
","10001
"
1720741385.4338691,Fri Jul 12 01:43:05 2024,"10001
","None
"
1720741445.9836295,Fri Jul 12 01:44:05 2024,"10001
","10001
"
1720741505.5104,Fri Jul 12 01:45:05 2024,"10001
","None
"
1720741566.327321,Fri Jul 12 01:46:06 2024,"10001
","10001
"
1720741625.5760458,Fri Jul 12 01:47:05 2024,"10001
","None
"
1720741686.1734016,Fri Jul 12 01:48:06 2024,"10001
","10001
"
1720741745.6624317,Fri Jul 12 01:49:05 2024,"10001
","None
"
1720741806.5146923,Fri Jul 12 01:50:06 2024,"10001
","10001
"
1720741865.7283182,Fri Jul 12 01:51:05 2024,"10001
","None
"
1720741926.3607829,Fri Jul 12 01:52:06 2024,"10001
","10001
"
1720741985.7990744,Fri Jul 12 01:53:05 2024,"10001
","None
"
1720742046.7013323,Fri Jul 12 01:54:06 2024,"10001
","10001
"
1720742106.3677158,Fri Jul 12 01:55:06 2024,"10001
","None
"
1720742166.0471265,Fri Jul 12 01:56:06 2024,"10001
","10001
"
1720742225.4275334,Fri Jul 12 01:57:05 2024,"10001
","None
"
1720742286.3891828,Fri Jul 12 01:58:06 2024,"10001
","10001
"
1720742345.9926617,Fri Jul 12 01:59:05 2024,"10001
","None
"
1720742405.7358644,Fri Jul 12 02:00:05 2024,"10001
","10001
"
1720742466.0667737,Fri Jul 12 02:01:06 2024,"10001
","None
"
1720742526.0760808,Fri Jul 12 02:02:06 2024,"10001
","10001
"
1720742585.6413481,Fri Jul 12 02:03:05 2024,"10001
","None
"
1720742646.414557,Fri Jul 12 02:04:06 2024,"10001
","10001
"
1720742705.7092843,Fri Jul 12 02:05:05 2024,"10001
","None
"
1720742766.258955,Fri Jul 12 02:06:06 2024,"10001
","10001
"
1720742825.7827368,Fri Jul 12 02:07:05 2024,"10001
","None
"
1720742886.594553,Fri Jul 12 02:08:06 2024,"10001
","10001
"
1720742945.8514597,Fri Jul 12 02:09:05 2024,"10001
","None
"
1720743006.4385953,Fri Jul 12 02:10:06 2024,"10001
","10001
"
1720743065.9115949,Fri Jul 12 02:11:05 2024,"10001
","None
"
1720743126.7727065,Fri Jul 12 02:12:06 2024,"10001
","10001
"
1720743185.9983742,Fri Jul 12 02:13:05 2024,"7525
","None
"
1720743245.6202164,Fri Jul 12 02:14:05 2024,"10001
","10001
"
1720743306.049131,Fri Jul 12 02:15:06 2024,"10001
","None
"
1720743365.9589915,Fri Jul 12 02:16:05 2024,"10001
","10001
"
1720743426.621711,Fri Jul 12 02:17:06 2024,"10001
","None
"
1720743486.1450272,Fri Jul 12 02:18:06 2024,"10001
","None
"
1720743545.9713628,Fri Jul 12 02:19:05 2024,"10001
","10001
"
1720743605.235962,Fri Jul 12 02:20:05 2024,"10001
","None
"
1720743665.813339,Fri Jul 12 02:21:05 2024,"10001
","10001
"
1720743726.286729,Fri Jul 12 02:22:06 2024,"10001
","None
"
1720743786.150391,Fri Jul 12 02:23:06 2024,"10001
","10001
"
1720743845.8664606,Fri Jul 12 02:24:05 2024,"10001
","None
"
1720743906.4877627,Fri Jul 12 02:25:06 2024,"10001
","10001
"
1720743965.9353142,Fri Jul 12 02:26:05 2024,"10001
","None
"
1720744026.824399,Fri Jul 12 02:27:06 2024,"10001
","10001
"
1720744086.497073,Fri Jul 12 02:28:06 2024,"10001
","None
"
1720744146.1673565,Fri Jul 12 02:29:06 2024,"10001
","10001
"
1720744205.5756748,Fri Jul 12 02:30:05 2024,"10001
","None
"
1720744266.5030582,Fri Jul 12 02:31:06 2024,"10001
","10001
"
1720744326.1460826,Fri Jul 12 02:32:06 2024,"10001
","None
"
1720744385.857272,Fri Jul 12 02:33:05 2024,"10001
","10001
"
1720744446.2060905,Fri Jul 12 02:34:06 2024,"10001
","None
"
1720744506.6882412,Fri Jul 12 02:35:06 2024,"10001
","10001
"
1720744566.2843149,Fri Jul 12 02:36:06 2024,"10001
","None
"
1720744625.5300565,Fri Jul 12 02:37:05 2024,"10001
","10001
"
1720744685.8458183,Fri Jul 12 02:38:05 2024,"10001
","None
"
1720744746.377505,Fri Jul 12 02:39:06 2024,"10001
","None
"
1720744806.0322134,Fri Jul 12 02:40:06 2024,"10001
","10001
"
1720744865.9441814,Fri Jul 12 02:41:05 2024,"10001
","None
"
1720744926.866943,Fri Jul 12 02:42:06 2024,"10001
","10001
"
1720744986.5114262,Fri Jul 12 02:43:06 2024,"10001
","None
"
1720745046.2244473,Fri Jul 12 02:44:06 2024,"10001
","10001
"
1720745105.5891466,Fri Jul 12 02:45:05 2024,"10001
","None
"
1720745166.5638173,Fri Jul 12 02:46:06 2024,"10001
","10001
"
1720745226.1465921,Fri Jul 12 02:47:06 2024,"10001
","None
"
1720745285.9052641,Fri Jul 12 02:48:05 2024,"10001
","10001
"
1720745346.21619,Fri Jul 12 02:49:06 2024,"10001
","None
"
1720745405.7563198,Fri Jul 12 02:50:05 2024,"10001
","None
"
1720745466.4047399,Fri Jul 12 02:51:06 2024,"10001
","10001
"
1720745525.8216448,Fri Jul 12 02:52:05 2024,"10001
","None
"
1720745586.7410624,Fri Jul 12 02:53:06 2024,"10001
","10001
"
1720745646.3934953,Fri Jul 12 02:54:06 2024,"10001
","None
"
1720745706.0808947,Fri Jul 12 02:55:06 2024,"10001
","10001
"
1720745765.4713333,Fri Jul 12 02:56:05 2024,"10001
","None
"
1720745826.4127567,Fri Jul 12 02:57:06 2024,"10001
","10001
"
1720745886.0221233,Fri Jul 12 02:58:06 2024,"10001
","None
"
1720745945.7502158,Fri Jul 12 02:59:05 2024,"10001
","10001
"
1720746006.091145,Fri Jul 12 03:00:06 2024,"10001
","None
"
1720746066.0808258,Fri Jul 12 03:01:06 2024,"10001
","10001
"
1720746125.667551,Fri Jul 12 03:02:05 2024,"10001
","None
"
1720746186.4149399,Fri Jul 12 03:03:06 2024,"10001
","10001
"
1720746245.728389,Fri Jul 12 03:04:05 2024,"10001
","None
"
1720746306.25033,Fri Jul 12 03:05:06 2024,"10001
","None
"
1720746365.8009987,Fri Jul 12 03:06:05 2024,"10001
","None
"
1720746426.5827713,Fri Jul 12 03:07:06 2024,"10001
","10001
"
1720746485.8701792,Fri Jul 12 03:08:05 2024,"10001
","None
"
1720746546.4222639,Fri Jul 12 03:09:06 2024,"10001
","10001
"
1720746605.93393,Fri Jul 12 03:10:05 2024,"10001
","None
"
1720746666.755505,Fri Jul 12 03:11:06 2024,"10001
","10001
"
1720746726.010761,Fri Jul 12 03:12:06 2024,"10001
","None
"
1720746785.5974617,Fri Jul 12 03:13:05 2024,"10001
","10001
"
1720746846.0788708,Fri Jul 12 03:14:06 2024,"10001
","None
"
1720746905.9296148,Fri Jul 12 03:15:05 2024,"10001
","10001
"
1720746966.6399434,Fri Jul 12 03:16:06 2024,"10001
","None
"
1720747026.261281,Fri Jul 12 03:17:06 2024,"10001
","10001
"
1720747085.706746,Fri Jul 12 03:18:05 2024,"10001
","None
"
1720747146.5967014,Fri Jul 12 03:19:06 2024,"10001
","10001
"
1720747206.7635584,Fri Jul 12 03:20:06 2024,"10001
","10001
"
1720747266.311597,Fri Jul 12 03:21:06 2024,"10001
","None
"
1720747326.1021824,Fri Jul 12 03:22:06 2024,"10001
","10001
"
1720747385.3809988,Fri Jul 12 03:23:05 2024,"10001
","None
"
1720747445.9376945,Fri Jul 12 03:24:05 2024,"10001
","10001
"
1720747506.6004796,Fri Jul 12 03:25:06 2024,"10001
","10001
"
1720747565.9988022,Fri Jul 12 03:26:05 2024,"10001
","None
"
1720747625.9391005,Fri Jul 12 03:27:05 2024,"10001
","10001
"
1720747686.5420957,Fri Jul 12 03:28:06 2024,"10001
","None
"
1720747746.2735913,Fri Jul 12 03:29:06 2024,"10001
","10001
"
1720747805.610231,Fri Jul 12 03:30:05 2024,"10001
","None
"
1720747866.6085944,Fri Jul 12 03:31:06 2024,"10001
","10001
"
1720747926.1670752,Fri Jul 12 03:32:06 2024,"10001
","None
"
1720747985.9494863,Fri Jul 12 03:33:05 2024,"10001
","10001
"
1720748046.2392735,Fri Jul 12 03:34:06 2024,"10001
","None
"
1720748105.7860672,Fri Jul 12 03:35:05 2024,"10001
","10001
"
1720748166.308726,Fri Jul 12 03:36:06 2024,"10001
","None
"
1720748226.1183295,Fri Jul 12 03:37:06 2024,"10001
","10001
"
1720748285.3854387,Fri Jul 12 03:38:05 2024,"10001
","None
"
1720748346.4546466,Fri Jul 12 03:39:06 2024,"10001
","10001
"
1720748405.9465337,Fri Jul 12 03:40:05 2024,"10001
","None
"
1720748466.7860637,Fri Jul 12 03:41:06 2024,"10001
","10001
"
1720748526.505115,Fri Jul 12 03:42:06 2024,"10001
","None
"
1720748586.125139,Fri Jul 12 03:43:06 2024,"10001
","10001
"
1720748645.583771,Fri Jul 12 03:44:05 2024,"10001
","None
"
1720748706.45863,Fri Jul 12 03:45:06 2024,"10001
","10001
"
1720748766.135174,Fri Jul 12 03:46:06 2024,"10001
","None
"
1720748825.6780453,Fri Jul 12 03:47:05 2024,"10001
","None
"
1720748886.4623466,Fri Jul 12 03:48:06 2024,"10001
","10001
"
1720748945.738084,Fri Jul 12 03:49:05 2024,"10001
","None
"
1720749006.3009548,Fri Jul 12 03:50:06 2024,"10001
","10001
"
1720749065.8003058,Fri Jul 12 03:51:05 2024,"10001
","None
"
1720749126.635363,Fri Jul 12 03:52:06 2024,"10001
","10001
"
1720749185.8805099,Fri Jul 12 03:53:05 2024,"10001
","None
"
1720749246.4727364,Fri Jul 12 03:54:06 2024,"10001
","10001
"
1720749305.9338453,Fri Jul 12 03:55:05 2024,"10001
","None
"
1720749366.8074887,Fri Jul 12 03:56:06 2024,"10001
","10001
"
1720749426.4848852,Fri Jul 12 03:57:06 2024,"10001
","None
"
1720749486.155546,Fri Jul 12 03:58:06 2024,"10001
","10001
"
1720749545.5522857,Fri Jul 12 03:59:05 2024,"10001
","None
"
1720749606.4813812,Fri Jul 12 04:00:06 2024,"10001
","10001
"
1720749666.1042037,Fri Jul 12 04:01:06 2024,"10001
","None
"
1720749725.8156254,Fri Jul 12 04:02:05 2024,"10001
","10001
"
1720749786.1743896,Fri Jul 12 04:03:06 2024,"10001
","None
"
1720749846.1462274,Fri Jul 12 04:04:06 2024,"10001
","10001
"
1720749905.7269955,Fri Jul 12 04:05:05 2024,"10001
","None
"
1720749966.4739473,Fri Jul 12 04:06:06 2024,"10001
","10001
"
1720750025.7946894,Fri Jul 12 04:07:05 2024,"10001
","None
"
1720750086.3182075,Fri Jul 12 04:08:06 2024,"10001
","None
"
1720750145.976006,Fri Jul 12 04:09:05 2024,"10001
","10001
"
1720750205.40134,Fri Jul 12 04:10:05 2024,"10001
","None
"
1720750266.3053987,Fri Jul 12 04:11:06 2024,"10001
","10001
"
1720750325.9568458,Fri Jul 12 04:12:05 2024,"10001
","None
"
1720750386.632812,Fri Jul 12 04:13:06 2024,"10001
","10001
"
1720750446.0314064,Fri Jul 12 04:14:06 2024,"10001
","None
"
1720750505.9686515,Fri Jul 12 04:15:05 2024,"10001
","10001
"
1720750565.5841398,Fri Jul 12 04:16:05 2024,"10001
","None
"
1720750626.2980335,Fri Jul 12 04:17:06 2024,"10001
","10001
"
1720750685.6414082,Fri Jul 12 04:18:05 2024,"10001
","None
"
1720750746.6303484,Fri Jul 12 04:19:06 2024,"10001
","10001
"
1720750806.2046878,Fri Jul 12 04:20:06 2024,"10001
","None
"
1720750865.9664779,Fri Jul 12 04:21:05 2024,"10001
","10001
"
1720750925.2748797,Fri Jul 12 04:22:05 2024,"10001
","None
"
1720750986.2935832,Fri Jul 12 04:23:06 2024,"10001
","10001
"
1720751045.839159,Fri Jul 12 04:24:05 2024,"10001
","None
"
1720751106.621476,Fri Jul 12 04:25:06 2024,"10001
","10001
"
1720751165.8981104,Fri Jul 12 04:26:05 2024,"10001
","None
"
1720751225.4583125,Fri Jul 12 04:27:05 2024,"10001
","10001
"
1720751285.979312,Fri Jul 12 04:28:05 2024,"10001
","None
"
1720751345.7881656,Fri Jul 12 04:29:05 2024,"10001
","10001
"
1720751406.0422935,Fri Jul 12 04:30:06 2024,"7503
","None
"
1720751465.6201308,Fri Jul 12 04:31:05 2024,"10001
","10001
"
1720751526.0995765,Fri Jul 12 04:32:06 2024,"10001
","None
"
1720751585.950172,Fri Jul 12 04:33:05 2024,"10001
","10001
"
1720751646.638978,Fri Jul 12 04:34:06 2024,"10001
","None
"
1720751706.2818727,Fri Jul 12 04:35:06 2024,"10001
","10001
"
1720751765.7191322,Fri Jul 12 04:36:05 2024,"10001
","None
"
1720751826.6097605,Fri Jul 12 04:37:06 2024,"10001
","10001
"
1720751886.2792935,Fri Jul 12 04:38:06 2024,"10001
","None
"
1720751945.8056207,Fri Jul 12 04:39:05 2024,"10001
","None
"
1720752006.6023085,Fri Jul 12 04:40:06 2024,"10001
","10001
"
1720752065.8822575,Fri Jul 12 04:41:05 2024,"10001
","None
"
1720752126.4301915,Fri Jul 12 04:42:06 2024,"10001
","10001
"
1720752185.9413557,Fri Jul 12 04:43:05 2024,"10001
","None
"
1720752246.7507594,Fri Jul 12 04:44:06 2024,"10001
","10001
"
1720752306.0145433,Fri Jul 12 04:45:06 2024,"10001
","None
"
1720752365.5800183,Fri Jul 12 04:46:05 2024,"10001
","10001
"
1720752426.0785077,Fri Jul 12 04:47:06 2024,"10001
","None
"
1720752485.904762,Fri Jul 12 04:48:05 2024,"10001
","10001
"
1720752546.1407151,Fri Jul 12 04:49:06 2024,"10001
","None
"
1720752605.7355866,Fri Jul 12 04:50:05 2024,"10001
","10001
"
1720752666.1938484,Fri Jul 12 04:51:06 2024,"10001
","None
"
1720752726.0610723,Fri Jul 12 04:52:06 2024,"10001
","10001
"
1720752785.2834523,Fri Jul 12 04:53:05 2024,"10001
","None
"
1720752845.8887784,Fri Jul 12 04:54:05 2024,"10001
","10001
"
1720752906.3178737,Fri Jul 12 04:55:06 2024,"10001
","None
"
1720752966.2106051,Fri Jul 12 04:56:06 2024,"10001
","10001
"
1720753025.8754578,Fri Jul 12 04:57:05 2024,"10001
","None
"
1720753086.5320988,Fri Jul 12 04:58:06 2024,"10001
","10001
"
1720753145.939268,Fri Jul 12 04:59:05 2024,"10001
","None
"
1720753206.8542314,Fri Jul 12 05:00:06 2024,"10001
","10001
"
1720753266.4845335,Fri Jul 12 05:01:06 2024,"10001
","None
"
1720753326.1908948,Fri Jul 12 05:02:06 2024,"10001
","10001
"
1720753385.5550416,Fri Jul 12 05:03:05 2024,"10001
","None
"
1720753446.5140045,Fri Jul 12 05:04:06 2024,"10001
","10001
"
1720753506.107826,Fri Jul 12 05:05:06 2024,"10001
","None
"
1720753565.8408608,Fri Jul 12 05:06:05 2024,"10001
","10001
"
1720753626.1656709,Fri Jul 12 05:07:06 2024,"10001
","None
"
1720753686.1631942,Fri Jul 12 05:08:06 2024,"10001
","10001
"
1720753745.7380466,Fri Jul 12 05:09:05 2024,"10001
","None
"
1720753806.4850569,Fri Jul 12 05:10:06 2024,"10001
","10001
"
1720753865.790945,Fri Jul 12 05:11:05 2024,"10001
","None
"
1720753926.3113241,Fri Jul 12 05:12:06 2024,"10001
","None
"
1720753985.848439,Fri Jul 12 05:13:05 2024,"10001
","None
"
1720754046.632273,Fri Jul 12 05:14:06 2024,"10001
","10001
"
1720754105.905718,Fri Jul 12 05:15:05 2024,"10001
","None
"
1720754166.4571488,Fri Jul 12 05:16:06 2024,"10001
","10001
"
1720754225.9691267,Fri Jul 12 05:17:05 2024,"10001
","None
"
1720754285.7823896,Fri Jul 12 05:18:05 2024,"10001
","10001
"
1720754346.027589,Fri Jul 12 05:19:06 2024,"10001
","None
"
1720754405.6075578,Fri Jul 12 05:20:05 2024,"10001
","10001
"
1720754466.075966,Fri Jul 12 05:21:06 2024,"10001
","None
"
1720754525.9305754,Fri Jul 12 05:22:05 2024,"10001
","10001
"
1720754586.1411922,Fri Jul 12 05:23:06 2024,"7501
","None
"
1720754645.7579517,Fri Jul 12 05:24:05 2024,"10001
","10001
"
1720754706.1812146,Fri Jul 12 05:25:06 2024,"10001
","None
"
1720754766.0816767,Fri Jul 12 05:26:06 2024,"10001
","10001
"
1720754825.7365956,Fri Jul 12 05:27:05 2024,"10001
","None
"
1720754886.4044495,Fri Jul 12 05:28:06 2024,"10001
","10001
"
1720754945.7964432,Fri Jul 12 05:29:05 2024,"10001
","None
"
1720755006.7257905,Fri Jul 12 05:30:06 2024,"10001
","10001
"
1720755066.352327,Fri Jul 12 05:31:06 2024,"10001
","None
"
1720755126.0559115,Fri Jul 12 05:32:06 2024,"10001
","10001
"
1720755185.4207623,Fri Jul 12 05:33:05 2024,"10001
","None
"
1720755246.3761156,Fri Jul 12 05:34:06 2024,"10001
","10001
"
1720755305.9602122,Fri Jul 12 05:35:05 2024,"10001
","None
"
1720755365.700378,Fri Jul 12 05:36:05 2024,"10001
","10001
"
1720755426.021927,Fri Jul 12 05:37:06 2024,"10001
","None
"
1720755486.0195687,Fri Jul 12 05:38:06 2024,"10001
","10001
"
1720755545.5884483,Fri Jul 12 05:39:05 2024,"10001
","None
"
1720755606.339821,Fri Jul 12 05:40:06 2024,"10001
","10001
"
1720755665.6443787,Fri Jul 12 05:41:05 2024,"10001
","None
"
1720755726.174645,Fri Jul 12 05:42:06 2024,"10001
","10001
"
1720755785.823131,Fri Jul 12 05:43:05 2024,"10001
","10001
"
1720755846.2209792,Fri Jul 12 05:44:06 2024,"10001
","None
"
1720755906.1394482,Fri Jul 12 05:45:06 2024,"10001
","10001
"
1720755965.7781107,Fri Jul 12 05:46:05 2024,"10001
","None
"
1720756026.4549463,Fri Jul 12 05:47:06 2024,"10001
","10001
"
1720756085.842138,Fri Jul 12 05:48:05 2024,"10001
","None
"
1720756146.7728724,Fri Jul 12 05:49:06 2024,"10001
","10001
"
1720756206.377993,Fri Jul 12 05:50:06 2024,"10001
","None
"
1720756266.0978842,Fri Jul 12 05:51:06 2024,"10001
","10001
"
1720756325.4562657,Fri Jul 12 05:52:05 2024,"10001
","None
"
1720756386.4151056,Fri Jul 12 05:53:06 2024,"10001
","10001
"
1720756446.010323,Fri Jul 12 05:54:06 2024,"10001
","None
"
1720756505.7396626,Fri Jul 12 05:55:05 2024,"10001
","10001
"
1720756566.0575802,Fri Jul 12 05:56:06 2024,"10001
","None
"
1720756626.0575602,Fri Jul 12 05:57:06 2024,"10001
","10001
"
1720756685.6115873,Fri Jul 12 05:58:05 2024,"10001
","None
"
1720756746.3784614,Fri Jul 12 05:59:06 2024,"10001
","10001
"
1720756805.65878,Fri Jul 12 06:00:05 2024,"10001
","None
"
1720756865.702314,Fri Jul 12 06:01:05 2024,"10001
","10001
"
1720756926.2215497,Fri Jul 12 06:02:06 2024,"10001
","None
"
1720756986.02142,Fri Jul 12 06:03:06 2024,"10001
","10001
"
1720757045.2793097,Fri Jul 12 06:04:05 2024,"10001
","None
"
1720757105.8410234,Fri Jul 12 06:05:05 2024,"10001
","10001
"
1720757166.3196728,Fri Jul 12 06:06:06 2024,"10001
","None
"
1720757226.1581812,Fri Jul 12 06:07:06 2024,"10001
","10001
"
1720757285.3998952,Fri Jul 12 06:08:05 2024,"10001
","None
"
1720757345.9827626,Fri Jul 12 06:09:05 2024,"10001
","10001
"
1720757405.4354715,Fri Jul 12 06:10:05 2024,"10001
","None
"
1720757466.3010817,Fri Jul 12 06:11:06 2024,"10001
","10001
"
1720757525.9838073,Fri Jul 12 06:12:05 2024,"10001
","None
"
1720757585.6231248,Fri Jul 12 06:13:05 2024,"10001
","10001
"
1720757646.0394976,Fri Jul 12 06:14:06 2024,"10001
","None
"
1720757705.9387505,Fri Jul 12 06:15:05 2024,"10001
","10001
"
1720757766.5876408,Fri Jul 12 06:16:06 2024,"10001
","None
"
1720757826.1149232,Fri Jul 12 06:17:06 2024,"10001
","None
"
1720757885.91374,Fri Jul 12 06:18:05 2024,"10001
","10001
"
1720757946.1696732,Fri Jul 12 06:19:06 2024,"10001
","None
"
1720758005.7412155,Fri Jul 12 06:20:05 2024,"10001
","10001
"
1720758066.2139,Fri Jul 12 06:21:06 2024,"10001
","None
"
1720758126.0501037,Fri Jul 12 06:22:06 2024,"10001
","10001
"
1720758185.2774155,Fri Jul 12 06:23:05 2024,"10001
","None
"
1720758245.862792,Fri Jul 12 06:24:05 2024,"10001
","10001
"
1720758306.3259375,Fri Jul 12 06:25:06 2024,"10001
","None
"
1720758366.1766305,Fri Jul 12 06:26:06 2024,"10001
","10001
"
1720758425.8759775,Fri Jul 12 06:27:05 2024,"10001
","None
"
1720758486.4877934,Fri Jul 12 06:28:06 2024,"10001
","10001
"
1720758545.928205,Fri Jul 12 06:29:05 2024,"10001
","None
"
1720758606.8022454,Fri Jul 12 06:30:06 2024,"10001
","10001
"
1720758666.4842386,Fri Jul 12 06:31:06 2024,"10001
","None
"
1720758726.1224468,Fri Jul 12 06:32:06 2024,"10001
","10001
"
1720758785.5323544,Fri Jul 12 06:33:05 2024,"10001
","None
"
1720758846.4388838,Fri Jul 12 06:34:06 2024,"10001
","10001
"
1720758906.076269,Fri Jul 12 06:35:06 2024,"10001
","None
"
1720758965.7592459,Fri Jul 12 06:36:05 2024,"10001
","10001
"
1720759026.1348894,Fri Jul 12 06:37:06 2024,"10001
","None
"
1720759086.0729663,Fri Jul 12 06:38:06 2024,"10001
","10001
"
1720759145.6769927,Fri Jul 12 06:39:05 2024,"10001
","None
"
1720759206.3863235,Fri Jul 12 06:40:06 2024,"10001
","10001
"
1720759265.7322958,Fri Jul 12 06:41:05 2024,"10001
","None
"
1720759326.7016888,Fri Jul 12 06:42:06 2024,"10001
","10001
"
1720759386.2776344,Fri Jul 12 06:43:06 2024,"10001
","None
"
1720759446.0224931,Fri Jul 12 06:44:06 2024,"10001
","10001
"
1720759505.3369095,Fri Jul 12 06:45:05 2024,"10001
","None
"
1720759565.8452585,Fri Jul 12 06:46:05 2024,"10001
","None
"
1720759626.3660448,Fri Jul 12 06:47:06 2024,"10001
","None
"
1720759686.1524444,Fri Jul 12 06:48:06 2024,"10001
","10001
"
1720759745.4285798,Fri Jul 12 06:49:05 2024,"10001
","None
"
1720759805.9689732,Fri Jul 12 06:50:05 2024,"10001
","10001
"
1720759865.625131,Fri Jul 12 06:51:05 2024,"10001
","10001
"
1720759925.9928703,Fri Jul 12 06:52:05 2024,"10001
","None
"
1720759985.937978,Fri Jul 12 06:53:05 2024,"10001
","10001
"
1720760046.5564659,Fri Jul 12 06:54:06 2024,"10001
","None
"
1720760106.2594028,Fri Jul 12 06:55:06 2024,"10001
","10001
"
1720760165.6093948,Fri Jul 12 06:56:05 2024,"10001
","None
"
1720760226.575898,Fri Jul 12 06:57:06 2024,"10001
","10001
"
1720760286.1542034,Fri Jul 12 06:58:06 2024,"10001
","None
"
1720760345.8936255,Fri Jul 12 06:59:05 2024,"10001
","10001
"
1720760406.2135124,Fri Jul 12 07:00:06 2024,"10001
","None
"
1720760466.2030866,Fri Jul 12 07:01:06 2024,"10001
","10001
"
1720760525.7691894,Fri Jul 12 07:02:05 2024,"10001
","None
"
1720760586.51602,Fri Jul 12 07:03:06 2024,"10001
","10001
"
1720760645.8176188,Fri Jul 12 07:04:05 2024,"10001
","None
"
1720760706.340684,Fri Jul 12 07:05:06 2024,"10001
","10001
"
1720760765.8691723,Fri Jul 12 07:06:05 2024,"10001
","None
"
1720760826.6463432,Fri Jul 12 07:07:06 2024,"10001
","10001
"
1720760885.9340882,Fri Jul 12 07:08:05 2024,"10001
","None
"
1720760945.4690924,Fri Jul 12 07:09:05 2024,"10001
","10001
"
1720761005.9800181,Fri Jul 12 07:10:05 2024,"10001
","None
"
1720761065.7856295,Fri Jul 12 07:11:05 2024,"10001
","10001
"
1720761126.0417051,Fri Jul 12 07:12:06 2024,"10001
","None
"
1720761185.6089866,Fri Jul 12 07:13:05 2024,"10001
","10001
"
1720761246.094321,Fri Jul 12 07:14:06 2024,"10001
","None
"
1720761305.9239805,Fri Jul 12 07:15:05 2024,"10001
","10001
"
1720761366.6359494,Fri Jul 12 07:16:06 2024,"10001
","None
"
1720761426.2381628,Fri Jul 12 07:17:06 2024,"10001
","10001
"
1720761485.6846418,Fri Jul 12 07:18:05 2024,"10001
","None
"
1720761546.5522478,Fri Jul 12 07:19:06 2024,"10001
","10001
"
1720761606.2374053,Fri Jul 12 07:20:06 2024,"10001
","None
"
1720761665.869116,Fri Jul 12 07:21:05 2024,"10001
","10001
"
1720761726.2888558,Fri Jul 12 07:22:06 2024,"10001
","None
"
1720761786.177019,Fri Jul 12 07:23:06 2024,"10001
","10001
"
1720761845.833265,Fri Jul 12 07:24:05 2024,"10001
","None
"
1720761906.348992,Fri Jul 12 07:25:06 2024,"10001
","None
"
1720761966.144644,Fri Jul 12 07:26:06 2024,"10001
","10001
"
1720762025.4141135,Fri Jul 12 07:27:05 2024,"10001
","None
"
1720762085.956185,Fri Jul 12 07:28:05 2024,"10001
","10001
"
1720762146.4503152,Fri Jul 12 07:29:06 2024,"10001
","None
"
1720762206.2675757,Fri Jul 12 07:30:06 2024,"10001
","10001
"
1720762265.5147815,Fri Jul 12 07:31:05 2024,"10001
","None
"
1720762326.0792198,Fri Jul 12 07:32:06 2024,"10001
","10001
"
1720762385.5553088,Fri Jul 12 07:33:05 2024,"10001
","None
"
1720762446.3870318,Fri Jul 12 07:34:06 2024,"10001
","10001
"
1720762506.0958583,Fri Jul 12 07:35:06 2024,"10001
","None
"
1720762565.7001505,Fri Jul 12 07:36:05 2024,"10001
","10001
"
1720762626.146003,Fri Jul 12 07:37:06 2024,"10001
","None
"
1720762686.0069926,Fri Jul 12 07:38:06 2024,"10001
","10001
"
1720762745.6851306,Fri Jul 12 07:39:05 2024,"10001
","None
"
1720762806.312724,Fri Jul 12 07:40:06 2024,"10001
","10001
"
1720762865.7274969,Fri Jul 12 07:41:05 2024,"10001
","None
"
1720762926.6197274,Fri Jul 12 07:42:06 2024,"10001
","10001
"
1720762986.2589302,Fri Jul 12 07:43:06 2024,"10001
","None
"
1720763045.9332786,Fri Jul 12 07:44:05 2024,"10001
","10001
"
1720763106.3004808,Fri Jul 12 07:45:06 2024,"10001
","None
"
1720763166.240059,Fri Jul 12 07:46:06 2024,"10001
","10001
"
1720763225.8439908,Fri Jul 12 07:47:05 2024,"10001
","None
"
1720763286.5451481,Fri Jul 12 07:48:06 2024,"10001
","10001
"
1720763345.8777163,Fri Jul 12 07:49:05 2024,"10001
","None
"
1720763406.8489115,Fri Jul 12 07:50:06 2024,"10001
","10001
"
1720763466.4203644,Fri Jul 12 07:51:06 2024,"10001
","None
"
1720763526.1606352,Fri Jul 12 07:52:06 2024,"10001
","10001
"
1720763585.472334,Fri Jul 12 07:53:05 2024,"10001
","None
"
1720763645.9819417,Fri Jul 12 07:54:05 2024,"10001
","None
"
1720763705.6245773,Fri Jul 12 07:55:05 2024,"10001
","10001
"
1720763766.040673,Fri Jul 12 07:56:06 2024,"10001
","None
"
1720763825.929617,Fri Jul 12 07:57:05 2024,"10001
","10001
"
1720763886.578416,Fri Jul 12 07:58:06 2024,"10001
","None
"
1720763946.2358134,Fri Jul 12 07:59:06 2024,"10001
","10001
"
1720764005.6214921,Fri Jul 12 08:00:05 2024,"10001
","None
"
1720764066.5418525,Fri Jul 12 08:01:06 2024,"10001
","10001
"
1720764126.158632,Fri Jul 12 08:02:06 2024,"10001
","None
"
1720764185.8547518,Fri Jul 12 08:03:05 2024,"10001
","10001
"
1720764246.2106624,Fri Jul 12 08:04:06 2024,"10001
","None
"
1720764306.1580827,Fri Jul 12 08:05:06 2024,"10001
","10001
"
1720764365.7502234,Fri Jul 12 08:06:05 2024,"10001
","None
"
1720764426.4632046,Fri Jul 12 08:07:06 2024,"10001
","10001
"
1720764485.7851787,Fri Jul 12 08:08:05 2024,"10001
","None
"
1720764546.7641182,Fri Jul 12 08:09:06 2024,"10001
","10001
"
1720764606.3183563,Fri Jul 12 08:10:06 2024,"10001
","None
"
1720764666.076129,Fri Jul 12 08:11:06 2024,"10001
","10001
"
1720764725.3610735,Fri Jul 12 08:12:05 2024,"10001
","None
"
1720764785.8871684,Fri Jul 12 08:13:05 2024,"10001
","10001
"
1720764846.410321,Fri Jul 12 08:14:06 2024,"10001
","None
"
1720764906.1957452,Fri Jul 12 08:15:06 2024,"10001
","10001
"
1720764965.446355,Fri Jul 12 08:16:05 2024,"10001
","None
"
1720765026.0050855,Fri Jul 12 08:17:06 2024,"10001
","10001
"
1720765085.4842925,Fri Jul 12 08:18:05 2024,"10001
","None
"
1720765146.3129063,Fri Jul 12 08:19:06 2024,"10001
","10001
"
1720765206.030677,Fri Jul 12 08:20:06 2024,"10001
","None
"
1720765265.6250086,Fri Jul 12 08:21:05 2024,"10001
","10001
"
1720765326.0792806,Fri Jul 12 08:22:06 2024,"10001
","None
"
1720765385.9309068,Fri Jul 12 08:23:05 2024,"10001
","10001
"
1720765446.612403,Fri Jul 12 08:24:06 2024,"10001
","None
"
1720765506.236246,Fri Jul 12 08:25:06 2024,"10001
","10001
"
1720765565.6712983,Fri Jul 12 08:26:05 2024,"10001
","None
"
1720765626.5432386,Fri Jul 12 08:27:06 2024,"10001
","10001
"
1720765686.2077136,Fri Jul 12 08:28:06 2024,"10001
","10001
"
1720765745.7194297,Fri Jul 12 08:29:05 2024,"10001
","None
"
1720765806.501402,Fri Jul 12 08:30:06 2024,"10001
","10001
"
1720765865.758084,Fri Jul 12 08:31:05 2024,"10001
","None
"
1720765926.3111374,Fri Jul 12 08:32:06 2024,"10001
","10001
"
1720765985.963617,Fri Jul 12 08:33:05 2024,"10001
","10001
"
1720766045.3212798,Fri Jul 12 08:34:05 2024,"10001
","None
"
1720766106.2655058,Fri Jul 12 08:35:06 2024,"10001
","10001
"
1720766165.8516042,Fri Jul 12 08:36:05 2024,"10001
","None
"
1720766226.5669923,Fri Jul 12 08:37:06 2024,"10001
","10001
"
1720766285.8878114,Fri Jul 12 08:38:05 2024,"10001
","None
"
1720766345.8691838,Fri Jul 12 08:39:05 2024,"10001
","10001
"
1720766406.4391491,Fri Jul 12 08:40:06 2024,"10001
","None
"
1720766466.169285,Fri Jul 12 08:41:06 2024,"10001
","10001
"
1720766525.4650974,Fri Jul 12 08:42:05 2024,"10001
","None
"
1720766586.4748638,Fri Jul 12 08:43:06 2024,"10001
","None
"
1720766646.015938,Fri Jul 12 08:44:06 2024,"10001
","None
"
1720766705.7744334,Fri Jul 12 08:45:05 2024,"10001
","10001
"
1720766766.0463593,Fri Jul 12 08:46:06 2024,"10001
","None
"
1720766825.5737565,Fri Jul 12 08:47:05 2024,"10001
","10001
"
1720766886.08084,Fri Jul 12 08:48:06 2024,"10001
","None
"
1720766945.8686018,Fri Jul 12 08:49:05 2024,"10001
","10001
"
