1720105619.9399798,Thu Jul  4 17:06:59 2024,"21.537
","22.738
","6.224
"
1720106332.2392685,Thu Jul  4 17:18:52 2024,"24.733
","22.773
","6.255
"
1720106411.1594324,Thu Jul  4 17:20:11 2024,"23.770
","22.781
","6.254
"
1720106530.4728394,Thu Jul  4 17:22:10 2024,"22.455
","22.788
","6.261
"
1720106650.7684984,Thu Jul  4 17:24:10 2024,"21.911
","22.790
","6.267
"
1720106771.0786197,Thu Jul  4 17:26:11 2024,"21.702
","22.789
","6.285
"
1720106890.3762794,Thu Jul  4 17:28:10 2024,"21.679
","22.787
","6.289
"
1720107010.6892421,Thu Jul  4 17:30:10 2024,"21.653
","22.784
","6.297
"
1720107130.9915445,Thu Jul  4 17:32:10 2024,"21.626
","22.782
","6.300
"
1720107250.311356,Thu Jul  4 17:34:10 2024,"21.605
","22.780
","6.316
"
1720107370.6169517,Thu Jul  4 17:36:10 2024,"21.577
","22.777
","6.320
"
1720107490.9351623,Thu Jul  4 17:38:10 2024,"21.559
","22.773
","6.330
"
1720107611.2501612,Thu Jul  4 17:40:11 2024,"21.538
","22.771
","6.330
"
1720107730.5659816,Thu Jul  4 17:42:10 2024,"21.526
","22.768
","6.338
"
1720107850.8861892,Thu Jul  4 17:44:10 2024,"21.512
","22.766
","6.345
"
1720107971.201517,Thu Jul  4 17:46:11 2024,"21.499
","22.763
","6.352
"
1720108090.5026977,Thu Jul  4 17:48:10 2024,"21.493
","22.761
","6.355
"
1720108210.8149588,Thu Jul  4 17:50:10 2024,"21.486
","22.761
","6.364
"
1720108331.127161,Thu Jul  4 17:52:11 2024,"21.474
","22.759
","6.369
"
1720108450.4300036,Thu Jul  4 17:54:10 2024,"21.466
","22.758
","6.373
"
1720108570.7405233,Thu Jul  4 17:56:10 2024,"21.458
","22.757
","6.381
"
1720108691.0587301,Thu Jul  4 17:58:11 2024,"21.452
","22.756
","6.390
"
1720108810.3439085,Thu Jul  4 18:00:10 2024,"21.441
","22.755
","6.384
"
1720108930.6569335,Thu Jul  4 18:02:10 2024,"21.431
","22.756
","6.392
"
1720109050.9810314,Thu Jul  4 18:04:10 2024,"21.420
","22.757
","6.392
"
1720109170.2752507,Thu Jul  4 18:06:10 2024,"21.413
","22.758
","6.397
"
1720109290.5785308,Thu Jul  4 18:08:10 2024,"21.406
","22.760
","6.404
"
1720109410.8938158,Thu Jul  4 18:10:10 2024,"21.398
","22.761
","6.405
"
1720109531.1938128,Thu Jul  4 18:12:11 2024,"21.391
","22.763
","6.409
"
1720109650.5008953,Thu Jul  4 18:14:10 2024,"21.384
","22.763
","6.411
"
1720109770.8122716,Thu Jul  4 18:16:10 2024,"21.377
","22.764
","6.412
"
1720109891.1786578,Thu Jul  4 18:18:11 2024,"21.371
","22.764
","6.414
"
1720110010.4906678,Thu Jul  4 18:20:10 2024,"21.370
","22.762
","6.416
"
1720110130.798495,Thu Jul  4 18:22:10 2024,"21.359
","22.760
","6.421
"
1720110251.1128023,Thu Jul  4 18:24:11 2024,"21.351
","22.759
","6.425
"
1720110370.4153388,Thu Jul  4 18:26:10 2024,"21.344
","22.758
","6.428
"
1720110490.7341332,Thu Jul  4 18:28:10 2024,"21.340
","22.759
","6.426
"
1720110611.037,Thu Jul  4 18:30:11 2024,"21.335
","22.761
","6.428
"
1720110730.3344605,Thu Jul  4 18:32:10 2024,"21.327
","22.763
","6.435
"
1720110850.6521869,Thu Jul  4 18:34:10 2024,"21.321
","22.765
","6.441
"
1720110970.9526865,Thu Jul  4 18:36:10 2024,"21.316
","22.768
","6.442
"
1720111091.2638772,Thu Jul  4 18:38:11 2024,"21.310
","22.770
","6.445
"
1720111210.5755217,Thu Jul  4 18:40:10 2024,"21.303
","22.772
","6.450
"
1720111330.8846068,Thu Jul  4 18:42:10 2024,"21.296
","22.772
","6.456
"
1720111451.1919734,Thu Jul  4 18:44:11 2024,"21.292
","22.770
","6.459
"
1720111570.5030954,Thu Jul  4 18:46:10 2024,"21.288
","22.766
","6.467
"
1720111690.8214488,Thu Jul  4 18:48:10 2024,"21.282
","22.761
","6.475
"
1720111811.1183383,Thu Jul  4 18:50:11 2024,"21.275
","22.755
","6.484
"
1720111930.436164,Thu Jul  4 18:52:10 2024,"21.268
","22.751
","6.486
"
1720112050.736093,Thu Jul  4 18:54:10 2024,"21.265
","22.747
","6.499
"
1720112171.0285773,Thu Jul  4 18:56:11 2024,"21.260
","22.745
","6.497
"
1720112290.3051214,Thu Jul  4 18:58:10 2024,"21.254
","22.745
","6.497
"
1720112410.6066732,Thu Jul  4 19:00:10 2024,"21.251
","22.748
","6.505
"
1720112530.9103048,Thu Jul  4 19:02:10 2024,"21.245
","22.753
","6.501
"
1720112651.228279,Thu Jul  4 19:04:11 2024,"21.240
","22.759
","6.501
"
1720112770.5228055,Thu Jul  4 19:06:10 2024,"21.237
","22.765
","6.501
"
1720112890.8270888,Thu Jul  4 19:08:10 2024,"21.232
","22.770
","6.497
"
1720113011.1444094,Thu Jul  4 19:10:11 2024,"21.228
","22.774
","6.503
"
1720113130.454629,Thu Jul  4 19:12:10 2024,"21.226
","22.777
","6.509
"
1720113250.7633545,Thu Jul  4 19:14:10 2024,"21.224
","22.780
","6.509
"
1720113371.0803905,Thu Jul  4 19:16:11 2024,"21.220
","22.781
","6.511
"
1720113490.4265347,Thu Jul  4 19:18:10 2024,"21.217
","22.781
","6.512
"
1720113610.7463105,Thu Jul  4 19:20:10 2024,"21.218
","22.781
","6.508
"
1720113731.0591664,Thu Jul  4 19:22:11 2024,"21.214
","22.780
","6.521
"
1720113850.3502219,Thu Jul  4 19:24:10 2024,"21.211
","22.779
","6.523
"
1720113970.6591182,Thu Jul  4 19:26:10 2024,"21.209
","22.779
","6.529
"
1720114090.9738982,Thu Jul  4 19:28:10 2024,"21.205
","22.779
","6.537
"
1720114210.2881658,Thu Jul  4 19:30:10 2024,"21.201
","22.780
","6.539
"
1720114330.597761,Thu Jul  4 19:32:10 2024,"21.201
","22.783
","6.540
"
1720114450.9139156,Thu Jul  4 19:34:10 2024,"21.197
","22.786
","6.542
"
1720114571.2249749,Thu Jul  4 19:36:11 2024,"21.194
","22.788
","6.542
"
1720114690.5372593,Thu Jul  4 19:38:10 2024,"21.190
","22.789
","6.541
"
1720114810.847134,Thu Jul  4 19:40:10 2024,"21.188
","22.790
","6.535
"
1720114931.1619444,Thu Jul  4 19:42:11 2024,"21.185
","22.790
","6.545
"
1720115050.45659,Thu Jul  4 19:44:10 2024,"21.184
","22.790
","6.545
"
1720115170.7634823,Thu Jul  4 19:46:10 2024,"21.182
","22.790
","6.544
"
1720115291.0769126,Thu Jul  4 19:48:11 2024,"21.181
","22.790
","6.545
"
1720115410.3857787,Thu Jul  4 19:50:10 2024,"21.178
","22.789
","6.546
"
1720115530.6811411,Thu Jul  4 19:52:10 2024,"21.175
","22.787
","6.548
"
1720115650.991837,Thu Jul  4 19:54:10 2024,"21.174
","22.786
","6.553
"
1720115770.2980447,Thu Jul  4 19:56:10 2024,"21.163
","22.784
","6.561
"
1720115890.6033776,Thu Jul  4 19:58:10 2024,"21.160
","22.783
","6.563
"
1720116010.918766,Thu Jul  4 20:00:10 2024,"21.156
","22.780
","6.570
"
1720116131.2308366,Thu Jul  4 20:02:11 2024,"21.153
","22.776
","6.572
"
1720116250.5380425,Thu Jul  4 20:04:10 2024,"21.149
","22.771
","6.571
"
1720116370.8530438,Thu Jul  4 20:06:10 2024,"21.144
","22.767
","6.571
"
1720116491.1640346,Thu Jul  4 20:08:11 2024,"21.142
","22.763
","6.577
"
1720116610.4708114,Thu Jul  4 20:10:10 2024,"21.137
","22.761
","6.577
"
1720116730.7688441,Thu Jul  4 20:12:10 2024,"21.135
","22.760
","6.578
"
1720116851.060471,Thu Jul  4 20:14:11 2024,"21.131
","22.760
","6.576
"
1720116970.3590946,Thu Jul  4 20:16:10 2024,"21.127
","22.758
","6.579
"
1720117090.7142224,Thu Jul  4 20:18:10 2024,"21.124
","22.756
","6.581
"
1720117211.0301223,Thu Jul  4 20:20:11 2024,"21.117
","22.754
","6.587
"
1720117330.3271966,Thu Jul  4 20:22:10 2024,"21.113
","22.752
","6.595
"
1720117450.6231353,Thu Jul  4 20:24:10 2024,"21.110
","22.751
","6.596
"
1720117570.925626,Thu Jul  4 20:26:10 2024,"21.108
","22.749
","6.598
"
1720117691.2341855,Thu Jul  4 20:28:11 2024,"21.101
","22.749
","6.599
"
1720117810.5431626,Thu Jul  4 20:30:10 2024,"21.100
","22.750
","6.606
"
1720117930.8573844,Thu Jul  4 20:32:10 2024,"21.102
","22.749
","6.604
"
1720118051.1699996,Thu Jul  4 20:34:11 2024,"21.102
","22.747
","6.611
"
1720118170.4745224,Thu Jul  4 20:36:10 2024,"21.101
","22.745
","6.611
"
1720118290.772073,Thu Jul  4 20:38:10 2024,"21.100
","22.743
","6.621
"
1720118411.0705001,Thu Jul  4 20:40:11 2024,"21.095
","22.741
","6.619
"
1720118530.3762498,Thu Jul  4 20:42:10 2024,"21.095
","22.739
","6.621
"
1720118650.6901705,Thu Jul  4 20:44:10 2024,"21.094
","22.737
","6.623
"
1720118771.006817,Thu Jul  4 20:46:11 2024,"21.092
","22.735
","6.622
"
1720118890.3192694,Thu Jul  4 20:48:10 2024,"21.089
","22.733
","6.616
"
1720119010.6151307,Thu Jul  4 20:50:10 2024,"21.083
","22.731
","6.628
"
1720119130.9202814,Thu Jul  4 20:52:10 2024,"21.084
","22.728
","6.623
"
1720119251.2295256,Thu Jul  4 20:54:11 2024,"21.082
","22.725
","6.620
"
1720119370.5239234,Thu Jul  4 20:56:10 2024,"21.080
","22.724
","6.623
"
1720119490.8328176,Thu Jul  4 20:58:10 2024,"21.077
","22.724
","6.627
"
1720119611.150105,Thu Jul  4 21:00:11 2024,"21.079
","22.726
","6.629
"
1720119730.465355,Thu Jul  4 21:02:10 2024,"21.082
","22.729
","6.639
"
1720119850.7783148,Thu Jul  4 21:04:10 2024,"21.081
","22.733
","6.635
"
1720119971.085766,Thu Jul  4 21:06:11 2024,"21.081
","22.737
","6.633
"
1720120090.3908765,Thu Jul  4 21:08:10 2024,"21.081
","22.741
","6.633
"
1720120210.686707,Thu Jul  4 21:10:10 2024,"21.081
","22.744
","6.635
"
1720120330.9946065,Thu Jul  4 21:12:10 2024,"21.084
","22.745
","6.626
"
1720120450.3084078,Thu Jul  4 21:14:10 2024,"21.088
","22.746
","6.627
"
1720120570.6069987,Thu Jul  4 21:16:10 2024,"21.087
","22.746
","6.628
"
1720120690.9506333,Thu Jul  4 21:18:10 2024,"21.085
","22.746
","6.630
"
1720120811.2565398,Thu Jul  4 21:20:11 2024,"21.083
","22.746
","6.633
"
1720120930.569746,Thu Jul  4 21:22:10 2024,"21.082
","22.746
","6.632
"
1720121050.882892,Thu Jul  4 21:24:10 2024,"21.081
","22.746
","6.641
"
1720121171.192256,Thu Jul  4 21:26:11 2024,"21.081
","22.745
","6.640
"
1720121290.512766,Thu Jul  4 21:28:10 2024,"21.081
","22.743
","6.640
"
1720121410.8195457,Thu Jul  4 21:30:10 2024,"21.082
","22.741
","6.646
"
1720121531.1346974,Thu Jul  4 21:32:11 2024,"21.084
","22.739
","6.645
"
1720121650.4420846,Thu Jul  4 21:34:10 2024,"21.085
","22.737
","6.647
"
1720121770.7573726,Thu Jul  4 21:36:10 2024,"21.088
","22.734
","6.650
"
1720121891.0683074,Thu Jul  4 21:38:11 2024,"21.093
","22.732
","6.654
"
1720122010.3680332,Thu Jul  4 21:40:10 2024,"21.095
","22.730
","6.657
"
1720122130.670603,Thu Jul  4 21:42:10 2024,"21.091
","22.728
","6.648
"
1720122250.9860573,Thu Jul  4 21:44:10 2024,"21.092
","22.726
","6.653
"
1720122370.2766898,Thu Jul  4 21:46:10 2024,"21.089
","22.726
","6.657
"
1720122490.5783691,Thu Jul  4 21:48:10 2024,"21.088
","22.726
","6.655
"
1720122610.8855853,Thu Jul  4 21:50:10 2024,"21.087
","22.727
","6.662
"
1720122731.1993785,Thu Jul  4 21:52:11 2024,"21.089
","22.729
","6.663
"
1720122850.5084546,Thu Jul  4 21:54:10 2024,"21.092
","22.732
","6.662
"
1720122970.8174436,Thu Jul  4 21:56:10 2024,"21.092
","22.734
","6.671
"
1720123091.1143465,Thu Jul  4 21:58:11 2024,"21.091
","22.735
","6.676
"
1720123210.4153807,Thu Jul  4 22:00:10 2024,"21.096
","22.735
","6.676
"
1720123330.7318723,Thu Jul  4 22:02:10 2024,"21.100
","22.732
","6.678
"
1720123451.0341566,Thu Jul  4 22:04:11 2024,"21.104
","22.728
","6.684
"
1720123570.3331895,Thu Jul  4 22:06:10 2024,"21.103
","22.722
","6.682
"
1720123690.6336846,Thu Jul  4 22:08:10 2024,"21.103
","22.716
","6.681
"
1720123810.9398563,Thu Jul  4 22:10:10 2024,"21.103
","22.711
","6.682
"
1720123931.2575622,Thu Jul  4 22:12:11 2024,"21.100
","22.709
","6.682
"
1720124050.568197,Thu Jul  4 22:14:10 2024,"21.100
","22.709
","6.678
"
1720124170.8788226,Thu Jul  4 22:16:10 2024,"21.102
","22.712
","6.682
"
1720124291.225103,Thu Jul  4 22:18:11 2024,"21.100
","22.718
","6.686
"
1720124410.5318615,Thu Jul  4 22:20:10 2024,"21.099
","22.723
","6.690
"
1720124530.85026,Thu Jul  4 22:22:10 2024,"21.098
","22.725
","6.694
"
1720124651.169679,Thu Jul  4 22:24:11 2024,"21.100
","22.726
","6.701
"
1720124770.4832911,Thu Jul  4 22:26:10 2024,"21.101
","22.728
","6.698
"
1720124890.7975464,Thu Jul  4 22:28:10 2024,"21.104
","22.731
","6.697
"
1720125011.091825,Thu Jul  4 22:30:11 2024,"21.104
","22.735
","6.694
"
1720125130.3900115,Thu Jul  4 22:32:10 2024,"21.108
","22.738
","6.689
"
1720125250.7022011,Thu Jul  4 22:34:10 2024,"21.109
","22.740
","6.696
"
1720125371.011972,Thu Jul  4 22:36:11 2024,"21.110
","22.741
","6.699
"
1720125490.316292,Thu Jul  4 22:38:10 2024,"21.109
","22.741
","6.701
"
1720125610.6201897,Thu Jul  4 22:40:10 2024,"21.110
","22.740
","6.701
"
1720125730.929234,Thu Jul  4 22:42:10 2024,"21.113
","22.740
","6.709
"
1720125851.2472823,Thu Jul  4 22:44:11 2024,"21.114
","22.740
","6.708
"
1720125970.5571907,Thu Jul  4 22:46:10 2024,"21.113
","22.739
","6.709
"
1720126090.8730962,Thu Jul  4 22:48:10 2024,"21.114
","22.737
","6.708
"
1720126211.1711054,Thu Jul  4 22:50:11 2024,"21.112
","22.737
","6.711
"
1720126330.4777985,Thu Jul  4 22:52:10 2024,"21.114
","22.736
","6.711
"
1720126450.7887962,Thu Jul  4 22:54:10 2024,"21.114
","22.736
","6.706
"
1720126571.102048,Thu Jul  4 22:56:11 2024,"21.114
","22.735
","6.709
"
1720126690.4056008,Thu Jul  4 22:58:10 2024,"21.115
","22.734
","6.714
"
1720126810.724086,Thu Jul  4 23:00:10 2024,"21.118
","22.733
","6.717
"
1720126931.023787,Thu Jul  4 23:02:11 2024,"21.118
","22.732
","6.720
"
1720127050.3222854,Thu Jul  4 23:04:10 2024,"21.117
","22.732
","6.718
"
1720127170.633974,Thu Jul  4 23:06:10 2024,"21.117
","22.734
","6.728
"
1720127290.950273,Thu Jul  4 23:08:10 2024,"21.115
","22.738
","6.730
"
1720127411.2618363,Thu Jul  4 23:10:11 2024,"21.114
","22.742
","6.723
"
1720127530.5705316,Thu Jul  4 23:12:10 2024,"21.113
","22.745
","6.729
"
1720127650.8625956,Thu Jul  4 23:14:10 2024,"21.111
","22.746
","6.732
"
1720127771.1668942,Thu Jul  4 23:16:11 2024,"21.112
","22.747
","6.739
"
1720127890.5195498,Thu Jul  4 23:18:10 2024,"21.111
","22.746
","6.740
"
1720128010.8318107,Thu Jul  4 23:20:10 2024,"21.110
","22.743
","6.742
"
1720128131.1318603,Thu Jul  4 23:22:11 2024,"21.109
","22.741
","6.747
"
1720128250.4368787,Thu Jul  4 23:24:10 2024,"21.107
","22.739
","6.750
"
1720128370.7534685,Thu Jul  4 23:26:10 2024,"21.107
","22.739
","6.754
"
1720128491.0767465,Thu Jul  4 23:28:11 2024,"21.108
","22.739
","6.751
"
1720128610.390267,Thu Jul  4 23:30:10 2024,"21.103
","22.739
","6.753
"
1720128730.6910522,Thu Jul  4 23:32:10 2024,"21.099
","22.740
","6.749
"
1720128850.9984581,Thu Jul  4 23:34:10 2024,"21.096
","22.741
","6.756
"
1720128970.3090773,Thu Jul  4 23:36:10 2024,"21.089
","22.743
","6.752
"
1720129090.6047046,Thu Jul  4 23:38:10 2024,"21.086
","22.744
","6.749
"
1720129210.914735,Thu Jul  4 23:40:10 2024,"21.085
","22.746
","6.751
"
1720129331.2227564,Thu Jul  4 23:42:11 2024,"21.082
","22.746
","6.752
"
1720129450.5421374,Thu Jul  4 23:44:10 2024,"21.082
","22.747
","6.755
"
1720129570.8483522,Thu Jul  4 23:46:10 2024,"21.080
","22.747
","6.758
"
1720129691.1556559,Thu Jul  4 23:48:11 2024,"21.080
","22.748
","6.760
"
1720129810.4646995,Thu Jul  4 23:50:10 2024,"21.085
","22.749
","6.765
"
1720129930.7844462,Thu Jul  4 23:52:10 2024,"21.090
","22.751
","6.764
"
1720130051.1018224,Thu Jul  4 23:54:11 2024,"21.094
","22.754
","6.766
"
1720130170.395183,Thu Jul  4 23:56:10 2024,"21.100
","22.757
","6.772
"
1720130290.7073479,Thu Jul  4 23:58:10 2024,"21.101
","22.761
","6.775
"
1720130411.0124624,Fri Jul  5 00:00:11 2024,"21.111
","22.764
","6.774
"
1720130530.3218377,Fri Jul  5 00:02:10 2024,"21.118
","22.768
","6.765
"
1720130650.6168275,Fri Jul  5 00:04:10 2024,"21.122
","22.770
","6.776
"
1720130770.9268687,Fri Jul  5 00:06:10 2024,"21.123
","22.772
","6.774
"
1720130891.2363055,Fri Jul  5 00:08:11 2024,"21.127
","22.774
","6.775
"
1720131010.5440125,Fri Jul  5 00:10:10 2024,"21.131
","22.773
","6.773
"
1720131130.863202,Fri Jul  5 00:12:10 2024,"21.134
","22.771
","6.774
"
1720131251.177691,Fri Jul  5 00:14:11 2024,"21.136
","22.767
","6.769
"
1720131370.4944363,Fri Jul  5 00:16:10 2024,"21.142
","22.763
","6.773
"
1720131490.854265,Fri Jul  5 00:18:10 2024,"21.141
","22.759
","6.767
"
1720131611.1732342,Fri Jul  5 00:20:11 2024,"21.143
","22.754
","6.775
"
1720131730.4868734,Fri Jul  5 00:22:10 2024,"21.144
","22.751
","6.776
"
1720131850.7892478,Fri Jul  5 00:24:10 2024,"21.148
","22.749
","6.777
"
1720131971.1551218,Fri Jul  5 00:26:11 2024,"21.147
","22.748
","6.774
"
1720132090.4594753,Fri Jul  5 00:28:10 2024,"21.147
","22.749
","6.771
"
1720132210.7714498,Fri Jul  5 00:30:10 2024,"21.151
","22.750
","6.772
"
1720132331.083852,Fri Jul  5 00:32:11 2024,"21.152
","22.751
","6.768
"
1720132450.3873348,Fri Jul  5 00:34:10 2024,"21.152
","22.752
","6.771
"
1720132570.698144,Fri Jul  5 00:36:10 2024,"21.151
","22.753
","6.776
"
1720132691.0086691,Fri Jul  5 00:38:11 2024,"21.157
","22.754
","6.770
"
1720132810.3220408,Fri Jul  5 00:40:10 2024,"21.158
","22.755
","6.776
"
1720132930.6170156,Fri Jul  5 00:42:10 2024,"21.160
","22.758
","6.780
"
1720133050.9181952,Fri Jul  5 00:44:10 2024,"21.161
","22.761
","6.781
"
1720133171.2340822,Fri Jul  5 00:46:11 2024,"21.166
","22.766
","6.788
"
1720133290.5289283,Fri Jul  5 00:48:10 2024,"21.165
","22.770
","6.783
"
1720133410.8311648,Fri Jul  5 00:50:10 2024,"21.168
","22.773
","6.787
"
1720133531.1459126,Fri Jul  5 00:52:11 2024,"21.169
","22.774
","6.792
"
1720133650.4519928,Fri Jul  5 00:54:10 2024,"21.168
","22.773
","6.792
"
1720133770.7602282,Fri Jul  5 00:56:10 2024,"21.168
","22.769
","6.792
"
1720133891.061187,Fri Jul  5 00:58:11 2024,"21.169
","22.764
","6.792
"
1720134010.3657343,Fri Jul  5 01:00:10 2024,"21.169
","22.758
","6.793
"
1720134130.6856587,Fri Jul  5 01:02:10 2024,"21.167
","22.754
","6.797
"
1720134250.986499,Fri Jul  5 01:04:10 2024,"21.168
","22.752
","6.793
"
1720134370.28621,Fri Jul  5 01:06:10 2024,"21.171
","22.753
","6.787
"
1720134490.599833,Fri Jul  5 01:08:10 2024,"21.173
","22.756
","6.785
"
1720134610.9005768,Fri Jul  5 01:10:10 2024,"21.177
","22.760
","6.782
"
1720134731.2124944,Fri Jul  5 01:12:11 2024,"21.178
","22.763
","6.786
"
1720134850.515152,Fri Jul  5 01:14:10 2024,"21.176
","22.763
","6.787
"
1720134970.8282948,Fri Jul  5 01:16:10 2024,"21.172
","22.761
","6.787
"
1720135091.1889343,Fri Jul  5 01:18:11 2024,"21.170
","22.755
","6.789
"
1720135210.5063448,Fri Jul  5 01:20:10 2024,"21.168
","22.751
","6.795
"
1720135330.817152,Fri Jul  5 01:22:10 2024,"21.167
","22.747
","6.798
"
1720135451.13106,Fri Jul  5 01:24:11 2024,"21.168
","22.746
","6.798
"
1720135570.4332333,Fri Jul  5 01:26:10 2024,"21.166
","22.748
","6.795
"
1720135690.750282,Fri Jul  5 01:28:10 2024,"21.163
","22.751
","6.797
"
1720135811.063075,Fri Jul  5 01:30:11 2024,"21.161
","22.754
","6.797
"
1720135930.366103,Fri Jul  5 01:32:10 2024,"21.160
","22.756
","6.795
"
1720136050.6689086,Fri Jul  5 01:34:10 2024,"21.160
","22.758
","6.801
"
1720136170.9818125,Fri Jul  5 01:36:10 2024,"21.160
","22.758
","6.804
"
1720136290.3045096,Fri Jul  5 01:38:10 2024,"21.163
","22.756
","6.800
"
1720136410.6189184,Fri Jul  5 01:40:10 2024,"21.163
","22.752
","6.805
"
1720136530.9234562,Fri Jul  5 01:42:10 2024,"21.165
","22.748
","6.807
"
1720136651.2446616,Fri Jul  5 01:44:11 2024,"21.166
","22.745
","6.808
"
1720136770.5601785,Fri Jul  5 01:46:10 2024,"21.168
","22.743
","6.803
"
1720136890.8590724,Fri Jul  5 01:48:10 2024,"21.168
","22.741
","6.807
"
1720137011.1546729,Fri Jul  5 01:50:11 2024,"21.168
","22.741
","6.808
"
1720137130.4472647,Fri Jul  5 01:52:10 2024,"21.170
","22.741
","6.807
"
1720137250.7516568,Fri Jul  5 01:54:10 2024,"21.170
","22.741
","6.801
"
1720137371.074556,Fri Jul  5 01:56:11 2024,"21.170
","22.741
","6.806
"
1720137490.3760922,Fri Jul  5 01:58:10 2024,"21.168
","22.743
","6.805
"
1720137610.6930861,Fri Jul  5 02:00:10 2024,"21.168
","22.747
","6.799
"
1720137731.001086,Fri Jul  5 02:02:11 2024,"21.165
","22.751
","6.810
"
1720137850.292011,Fri Jul  5 02:04:10 2024,"21.167
","22.754
","6.812
"
1720137970.6030202,Fri Jul  5 02:06:10 2024,"21.170
","22.758
","6.814
"
1720138090.9204702,Fri Jul  5 02:08:10 2024,"21.167
","22.761
","6.817
"
1720138211.227818,Fri Jul  5 02:10:11 2024,"21.166
","22.761
","6.820
"
1720138330.5391898,Fri Jul  5 02:12:10 2024,"21.169
","22.759
","6.816
"
1720138450.8390844,Fri Jul  5 02:14:10 2024,"21.168
","22.755
","6.822
"
1720138571.1502104,Fri Jul  5 02:16:11 2024,"21.164
","22.751
","6.818
"
1720138690.4976883,Fri Jul  5 02:18:10 2024,"21.163
","22.745
","6.823
"
1720138810.8023107,Fri Jul  5 02:20:10 2024,"21.162
","22.740
","6.822
"
1720138931.1171002,Fri Jul  5 02:22:11 2024,"21.163
","22.737
","6.827
"
1720139050.4331784,Fri Jul  5 02:24:10 2024,"21.167
","22.735
","6.830
"
1720139170.7465699,Fri Jul  5 02:26:10 2024,"21.167
","22.735
","6.833
"
1720139291.0432243,Fri Jul  5 02:28:11 2024,"21.167
","22.734
","6.835
"
1720139410.3464606,Fri Jul  5 02:30:10 2024,"21.168
","22.735
","6.828
"
1720139530.656695,Fri Jul  5 02:32:10 2024,"21.169
","22.735
","6.833
"
1720139650.9646697,Fri Jul  5 02:34:10 2024,"21.170
","22.736
","6.838
"
1720139770.2694347,Fri Jul  5 02:36:10 2024,"21.169
","22.736
","6.838
"
1720139890.5676892,Fri Jul  5 02:38:10 2024,"21.167
","22.737
","6.838
"
1720140010.8774333,Fri Jul  5 02:40:10 2024,"21.165
","22.737
","6.830
"
1720140131.1851065,Fri Jul  5 02:42:11 2024,"21.162
","22.737
","6.838
"
1720140250.4999573,Fri Jul  5 02:44:10 2024,"21.160
","22.737
","6.843
"
1720140370.802029,Fri Jul  5 02:46:10 2024,"21.160
","22.737
","6.852
"
1720140491.1103137,Fri Jul  5 02:48:11 2024,"21.162
","22.737
","6.862
"
1720140610.4218478,Fri Jul  5 02:50:10 2024,"21.160
","22.737
","6.860
"
1720140730.7231598,Fri Jul  5 02:52:10 2024,"21.158
","22.736
","6.859
"
1720140851.0208614,Fri Jul  5 02:54:11 2024,"21.156
","22.735
","6.870
"
1720140970.3197618,Fri Jul  5 02:56:10 2024,"21.153
","22.735
","6.872
"
1720141090.6349893,Fri Jul  5 02:58:10 2024,"21.151
","22.735
","6.870
"
1720141210.9399161,Fri Jul  5 03:00:10 2024,"21.150
","22.736
","6.871
"
1720141331.2572181,Fri Jul  5 03:02:11 2024,"21.151
","22.738
","6.867
"
1720141450.5731,Fri Jul  5 03:04:10 2024,"21.152
","22.739
","6.867
"
1720141570.8882124,Fri Jul  5 03:06:10 2024,"21.154
","22.741
","6.872
"
1720141691.188607,Fri Jul  5 03:08:11 2024,"21.153
","22.742
","6.875
"
1720141810.4820695,Fri Jul  5 03:10:10 2024,"21.155
","22.743
","6.871
"
1720141930.79059,Fri Jul  5 03:12:10 2024,"21.156
","22.744
","6.874
"
1720142051.1041005,Fri Jul  5 03:14:11 2024,"21.154
","22.745
","6.874
"
1720142170.408461,Fri Jul  5 03:16:10 2024,"21.156
","22.745
","6.877
"
1720142290.7561963,Fri Jul  5 03:18:10 2024,"21.155
","22.745
","6.882
"
1720142411.0666506,Fri Jul  5 03:20:11 2024,"21.155
","22.744
","6.880
"
1720142530.3669255,Fri Jul  5 03:22:10 2024,"21.154
","22.740
","6.877
"
1720142650.674525,Fri Jul  5 03:24:10 2024,"21.150
","22.737
","6.888
"
1720142770.991836,Fri Jul  5 03:26:10 2024,"21.148
","22.734
","6.886
"
1720142890.300364,Fri Jul  5 03:28:10 2024,"21.147
","22.731
","6.886
"
1720143010.6013343,Fri Jul  5 03:30:10 2024,"21.147
","22.726
","6.885
"
1720143130.9151466,Fri Jul  5 03:32:10 2024,"21.145
","22.722
","6.889
"
1720143251.2380538,Fri Jul  5 03:34:11 2024,"21.144
","22.720
","6.892
"
1720143370.5522578,Fri Jul  5 03:36:10 2024,"21.143
","22.720
","6.899
"
1720143490.8593767,Fri Jul  5 03:38:10 2024,"21.143
","22.721
","6.902
"
1720143611.156683,Fri Jul  5 03:40:11 2024,"21.145
","22.722
","6.900
"
1720143730.460364,Fri Jul  5 03:42:10 2024,"21.148
","22.724
","6.899
"
1720143850.7716947,Fri Jul  5 03:44:10 2024,"21.151
","22.726
","6.895
"
1720143971.0715537,Fri Jul  5 03:46:11 2024,"21.150
","22.728
","6.903
"
1720144090.3738315,Fri Jul  5 03:48:10 2024,"21.150
","22.731
","6.909
"
1720144210.6798925,Fri Jul  5 03:50:10 2024,"21.150
","22.734
","6.906
"
1720144330.9940946,Fri Jul  5 03:52:10 2024,"21.152
","22.735
","6.911
"
1720144450.2947302,Fri Jul  5 03:54:10 2024,"21.150
","22.737
","6.910
"
1720144570.6003556,Fri Jul  5 03:56:10 2024,"21.152
","22.738
","6.918
"
1720144690.918523,Fri Jul  5 03:58:10 2024,"21.151
","22.738
","6.922
"
1720144811.2320192,Fri Jul  5 04:00:11 2024,"21.153
","22.735
","6.924
"
1720144930.5377324,Fri Jul  5 04:02:10 2024,"21.151
","22.732
","6.927
"
1720145050.8537824,Fri Jul  5 04:04:10 2024,"21.152
","22.726
","6.930
"
1720145171.1639636,Fri Jul  5 04:06:11 2024,"21.150
","22.720
","6.920
"
1720145290.465354,Fri Jul  5 04:08:10 2024,"21.145
","22.715
","6.927
"
1720145410.7758765,Fri Jul  5 04:10:10 2024,"21.143
","22.712
","6.927
"
1720145531.0921216,Fri Jul  5 04:12:11 2024,"21.140
","22.710
","6.923
"
1720145650.3857625,Fri Jul  5 04:14:10 2024,"21.138
","22.711
","6.924
"
1720145770.6790783,Fri Jul  5 04:16:10 2024,"21.138
","22.713
","6.921
"
1720145891.0214372,Fri Jul  5 04:18:11 2024,"21.136
","22.716
","6.916
"
1720146010.3133337,Fri Jul  5 04:20:10 2024,"21.138
","22.719
","6.920
"
1720146130.6193538,Fri Jul  5 04:22:10 2024,"21.139
","22.722
","6.916
"
1720146250.9342003,Fri Jul  5 04:24:10 2024,"21.140
","22.726
","6.918
"
1720146371.2303758,Fri Jul  5 04:26:11 2024,"21.140
","22.729
","6.923
"
1720146490.5375266,Fri Jul  5 04:28:10 2024,"21.143
","22.732
","6.925
"
1720146610.8511055,Fri Jul  5 04:30:10 2024,"21.144
","22.734
","6.932
"
1720146731.1626852,Fri Jul  5 04:32:11 2024,"21.146
","22.734
","6.937
"
1720146850.4776068,Fri Jul  5 04:34:10 2024,"21.149
","22.731
","6.935
"
1720146970.7970111,Fri Jul  5 04:36:10 2024,"21.148
","22.727
","6.941
"
1720147091.1102917,Fri Jul  5 04:38:11 2024,"21.150
","22.722
","6.935
"
1720147210.4100854,Fri Jul  5 04:40:10 2024,"21.150
","22.719
","6.946
"
1720147330.7085977,Fri Jul  5 04:42:10 2024,"21.148
","22.716
","6.942
"
1720147451.023142,Fri Jul  5 04:44:11 2024,"21.147
","22.715
","6.942
"
1720147570.3338382,Fri Jul  5 04:46:10 2024,"21.146
","22.714
","6.950
"
1720147690.6380768,Fri Jul  5 04:48:10 2024,"21.145
","22.712
","6.939
"
1720147810.9513543,Fri Jul  5 04:50:10 2024,"21.146
","22.711
","6.935
"
1720147931.2544308,Fri Jul  5 04:52:11 2024,"21.149
","22.709
","6.933
"
1720148050.550205,Fri Jul  5 04:54:10 2024,"21.149
","22.708
","6.936
"
1720148170.8527126,Fri Jul  5 04:56:10 2024,"21.152
","22.708
","6.934
"
1720148291.1632729,Fri Jul  5 04:58:11 2024,"21.157
","22.709
","6.937
"
1720148410.4768236,Fri Jul  5 05:00:10 2024,"21.158
","22.713
","6.942
"
1720148530.7963405,Fri Jul  5 05:02:10 2024,"21.160
","22.717
","6.941
"
1720148651.0951903,Fri Jul  5 05:04:11 2024,"21.162
","22.722
","6.941
"
1720148770.3971632,Fri Jul  5 05:06:10 2024,"21.163
","22.724
","6.949
"
1720148890.6909366,Fri Jul  5 05:08:10 2024,"21.165
","22.724
","6.947
"
1720149010.9993825,Fri Jul  5 05:10:10 2024,"21.166
","22.722
","6.948
"
1720149130.2982357,Fri Jul  5 05:12:10 2024,"21.164
","22.719
","6.947
"
1720149250.6125827,Fri Jul  5 05:14:10 2024,"21.164
","22.714
","6.961
"
1720149370.905862,Fri Jul  5 05:16:10 2024,"21.163
","22.709
","6.963
"
1720149491.2601793,Fri Jul  5 05:18:11 2024,"21.163
","22.705
","6.958
"
1720149610.576462,Fri Jul  5 05:20:10 2024,"21.165
","22.703
","6.965
"
1720149730.8827543,Fri Jul  5 05:22:10 2024,"21.162
","22.704
","6.964
"
1720149851.2018027,Fri Jul  5 05:24:11 2024,"21.163
","22.708
","6.961
"
1720149970.5167723,Fri Jul  5 05:26:10 2024,"21.164
","22.712
","6.955
"
1720150090.8123782,Fri Jul  5 05:28:10 2024,"21.164
","22.715
","6.960
"
1720150211.1222234,Fri Jul  5 05:30:11 2024,"21.168
","22.717
","6.960
"
1720150330.4238064,Fri Jul  5 05:32:10 2024,"21.169
","22.716
","6.954
"
1720150450.7225893,Fri Jul  5 05:34:10 2024,"21.170
","22.715
","6.957
"
1720150571.0303543,Fri Jul  5 05:36:11 2024,"21.171
","22.712
","6.947
"
1720150690.339424,Fri Jul  5 05:38:10 2024,"21.170
","22.709
","6.956
"
1720150810.6449597,Fri Jul  5 05:40:10 2024,"21.170
","22.706
","6.952
"
1720150930.9585154,Fri Jul  5 05:42:10 2024,"21.169
","22.702
","6.951
"
1720151051.2719243,Fri Jul  5 05:44:11 2024,"21.172
","22.700
","6.960
"
1720151170.5665486,Fri Jul  5 05:46:10 2024,"21.175
","22.699
","6.964
"
1720151290.8747249,Fri Jul  5 05:48:10 2024,"21.174
","22.699
","6.965
"
1720151411.1919017,Fri Jul  5 05:50:11 2024,"21.177
","22.702
","6.969
"
1720151530.4923072,Fri Jul  5 05:52:10 2024,"21.181
","22.707
","6.972
"
1720151650.8059335,Fri Jul  5 05:54:10 2024,"21.181
","22.712
","6.969
"
1720151771.1187851,Fri Jul  5 05:56:11 2024,"21.181
","22.714
","6.970
"
1720151890.4228382,Fri Jul  5 05:58:10 2024,"21.181
","22.715
","6.967
"
1720152010.7343633,Fri Jul  5 06:00:10 2024,"21.185
","22.713
","6.970
"
1720152131.0488703,Fri Jul  5 06:02:11 2024,"21.186
","22.711
","6.967
"
1720152250.3537867,Fri Jul  5 06:04:10 2024,"21.185
","22.708
","6.956
"
1720152370.6590557,Fri Jul  5 06:06:10 2024,"21.186
","22.705
","6.968
"
1720152490.9770694,Fri Jul  5 06:08:10 2024,"21.186
","22.702
","6.968
"
1720152610.2720318,Fri Jul  5 06:10:10 2024,"21.185
","22.702
","6.967
"
1720152730.5782347,Fri Jul  5 06:12:10 2024,"21.192
","22.701
","6.969
"
1720152850.8911026,Fri Jul  5 06:14:10 2024,"21.192
","22.702
","6.975
"
1720152971.1924036,Fri Jul  5 06:16:11 2024,"21.198
","22.702
","6.974
"
1720153090.5422633,Fri Jul  5 06:18:10 2024,"21.201
","22.703
","6.975
"
1720153210.8400495,Fri Jul  5 06:20:10 2024,"21.196
","22.705
","6.982
"
1720153331.1352208,Fri Jul  5 06:22:11 2024,"21.201
","22.706
","6.977
"
1720153450.4391787,Fri Jul  5 06:24:10 2024,"21.205
","22.708
","6.972
"
1720153570.8060691,Fri Jul  5 06:26:10 2024,"21.207
","22.710
","6.980
"
1720153691.120025,Fri Jul  5 06:28:11 2024,"21.207
","22.712
","6.978
"
1720153810.4295573,Fri Jul  5 06:30:10 2024,"21.211
","22.713
","6.976
"
1720153930.7312932,Fri Jul  5 06:32:10 2024,"21.213
","22.716
","6.975
"
1720154051.0363173,Fri Jul  5 06:34:11 2024,"21.215
","22.718
","6.980
"
1720154170.3352854,Fri Jul  5 06:36:10 2024,"21.213
","22.719
","6.981
"
1720154290.6443248,Fri Jul  5 06:38:10 2024,"21.214
","22.720
","6.985
"
1720154410.9506567,Fri Jul  5 06:40:10 2024,"21.213
","22.719
","6.986
"
1720154531.268641,Fri Jul  5 06:42:11 2024,"21.218
","22.716
","6.987
"
1720154650.5703876,Fri Jul  5 06:44:10 2024,"21.220
","22.712
","6.996
"
1720154770.8860455,Fri Jul  5 06:46:10 2024,"21.216
","22.708
","6.999
"
1720154891.1836677,Fri Jul  5 06:48:11 2024,"21.218
","22.702
","6.999
"
1720155010.4919758,Fri Jul  5 06:50:10 2024,"21.213
","22.696
","6.996
"
1720155130.813268,Fri Jul  5 06:52:10 2024,"21.211
","22.692
","6.998
"
1720155251.1130695,Fri Jul  5 06:54:11 2024,"21.218
","22.690
","6.991
"
1720155370.4191294,Fri Jul  5 06:56:10 2024,"21.222
","22.691
","6.994
"
1720155490.7327237,Fri Jul  5 06:58:10 2024,"21.222
","22.692
","6.992
"
1720155611.0334475,Fri Jul  5 07:00:11 2024,"21.224
","22.694
","6.991
"
1720155730.3422067,Fri Jul  5 07:02:10 2024,"21.226
","22.695
","6.994
"
1720155850.6556208,Fri Jul  5 07:04:10 2024,"21.225
","22.697
","7.001
"
1720155970.981236,Fri Jul  5 07:06:10 2024,"21.225
","22.693
","7.030
"
1720156090.3020933,Fri Jul  5 07:08:10 2024,"21.222
","22.684
","7.066
"
1720156210.606893,Fri Jul  5 07:10:10 2024,"21.231
","22.670
","7.109
"
1720156330.9205842,Fri Jul  5 07:12:10 2024,"21.238
","22.653
","7.122
"
1720156451.2411253,Fri Jul  5 07:14:11 2024,"21.246
","22.635
","7.144
"
1720156570.5593114,Fri Jul  5 07:16:10 2024,"21.252
","22.615
","7.158
"
1720156690.9249551,Fri Jul  5 07:18:10 2024,"21.263
","22.597
","7.160
"
1720156811.2268014,Fri Jul  5 07:20:11 2024,"21.283
","22.580
","7.172
"
1720156930.5360587,Fri Jul  5 07:22:10 2024,"21.292
","22.565
","7.173
"
1720157050.855679,Fri Jul  5 07:24:10 2024,"21.306
","22.550
","7.184
"
1720157171.1712482,Fri Jul  5 07:26:11 2024,"21.312
","22.384
","7.171
"
1720157290.4880724,Fri Jul  5 07:28:10 2024,"21.320
","22.368
","7.175
"
1720157410.8080196,Fri Jul  5 07:30:10 2024,"21.328
","22.212
","7.175
"
1720157531.118873,Fri Jul  5 07:32:11 2024,"21.332
","22.186
","7.179
"
1720157650.4267216,Fri Jul  5 07:34:10 2024,"21.329
","22.041
","7.174
"
1720157770.748146,Fri Jul  5 07:36:10 2024,"21.320
","22.026
","7.178
"
1720157891.049753,Fri Jul  5 07:38:11 2024,"21.306
","22.006
","7.167
"
1720158010.3660939,Fri Jul  5 07:40:10 2024,"21.114
","21.990
","7.182
"
1720158130.6898699,Fri Jul  5 07:42:10 2024,"21.094
","21.972
","7.176
"
1720158250.9958189,Fri Jul  5 07:44:10 2024,"21.065
","21.948
","7.184
"
1720158370.2943075,Fri Jul  5 07:46:10 2024,"21.037
","21.923
","7.177
"
1720158490.6039102,Fri Jul  5 07:48:10 2024,"21.014
","21.908
","7.180
"
1720158610.901044,Fri Jul  5 07:50:10 2024,"20.991
","21.891
","7.183
"
1720158731.213072,Fri Jul  5 07:52:11 2024,"20.969
","21.874
","7.181
"
1720158850.5318227,Fri Jul  5 07:54:10 2024,"20.947
","21.857
","7.181
"
1720158970.852125,Fri Jul  5 07:56:10 2024,"20.927
","21.839
","7.187
"
1720159091.1619709,Fri Jul  5 07:58:11 2024,"20.913
","21.825
","7.185
"
1720159210.474946,Fri Jul  5 08:00:10 2024,"20.894
","21.809
","7.182
"
1720159330.7947195,Fri Jul  5 08:02:10 2024,"20.887
","21.790
","7.188
"
1720159451.0995998,Fri Jul  5 08:04:11 2024,"20.869
","21.762
","7.193
"
1720159570.4049973,Fri Jul  5 08:06:10 2024,"20.862
","21.745
","7.195
"
1720159690.729213,Fri Jul  5 08:08:10 2024,"20.845
","21.729
","7.193
"
1720159811.0535035,Fri Jul  5 08:10:11 2024,"20.838
","21.717
","7.192
"
1720159930.3658493,Fri Jul  5 08:12:10 2024,"20.827
","21.716
","7.193
"
1720160050.691092,Fri Jul  5 08:14:10 2024,"20.823
","21.723
","7.195
"
1720160170.9993606,Fri Jul  5 08:16:10 2024,"20.824
","21.738
","7.196
"
1720160290.3331642,Fri Jul  5 08:18:10 2024,"20.831
","21.755
","7.194
"
1720160410.6477368,Fri Jul  5 08:20:10 2024,"20.839
","21.779
","7.196
"
1720160530.9644608,Fri Jul  5 08:22:10 2024,"20.854
","21.803
","7.194
"
1720160650.2706542,Fri Jul  5 08:24:10 2024,"20.874
","21.822
","7.197
"
1720160770.5920107,Fri Jul  5 08:26:10 2024,"20.892
","21.837
","7.193
"
1720160890.8984087,Fri Jul  5 08:28:10 2024,"20.912
","21.849
","7.192
"
1720161011.212732,Fri Jul  5 08:30:11 2024,"20.927
","21.859
","7.197
"
1720161130.538415,Fri Jul  5 08:32:10 2024,"20.943
","21.869
","7.188
"
1720161250.8582711,Fri Jul  5 08:34:10 2024,"20.961
","21.878
","7.189
"
1720161371.1777802,Fri Jul  5 08:36:11 2024,"20.977
","21.885
","7.194
"
1720161490.4891694,Fri Jul  5 08:38:10 2024,"20.993
","21.889
","7.195
"
1720161610.8120112,Fri Jul  5 08:40:10 2024,"21.005
","21.894
","7.194
"
1720161731.1291773,Fri Jul  5 08:42:11 2024,"21.020
","21.898
","7.197
"
1720161850.4440212,Fri Jul  5 08:44:10 2024,"21.031
","21.905
","7.197
"
1720161970.767128,Fri Jul  5 08:46:10 2024,"21.043
","21.915
","7.197
"
1720162091.066977,Fri Jul  5 08:48:11 2024,"21.056
","21.924
","7.201
"
1720162210.3732803,Fri Jul  5 08:50:10 2024,"21.065
","21.932
","7.199
"
1720162330.6969376,Fri Jul  5 08:52:10 2024,"21.070
","21.937
","7.205
"
1720162451.0137086,Fri Jul  5 08:54:11 2024,"21.075
","21.939
","7.202
"
1720162570.3293047,Fri Jul  5 08:56:10 2024,"21.080
","21.940
","7.210
"
1720162690.6318424,Fri Jul  5 08:58:10 2024,"21.085
","21.942
","7.212
"
1720162810.9423928,Fri Jul  5 09:00:10 2024,"21.087
","21.947
","7.213
"
1720162931.2536213,Fri Jul  5 09:02:11 2024,"21.090
","21.954
","7.216
"
1720163050.567111,Fri Jul  5 09:04:10 2024,"21.095
","21.963
","7.218
"
1720163170.8893158,Fri Jul  5 09:06:10 2024,"21.106
","21.974
","7.218
"
1720163291.1936524,Fri Jul  5 09:08:11 2024,"21.115
","21.986
","7.221
"
1720163410.502662,Fri Jul  5 09:10:10 2024,"21.129
","21.996
","7.221
"
1720163530.8221505,Fri Jul  5 09:12:10 2024,"21.145
","22.009
","7.215
"
1720163651.1241267,Fri Jul  5 09:14:11 2024,"21.158
","22.019
","7.219
"
1720163770.4372647,Fri Jul  5 09:16:10 2024,"21.170
","22.029
","7.221
"
1720163890.7909157,Fri Jul  5 09:18:10 2024,"21.182
","22.037
","7.226
"
1720164011.1056914,Fri Jul  5 09:20:11 2024,"21.198
","22.044
","7.223
"
1720164130.4233367,Fri Jul  5 09:22:10 2024,"21.211
","22.051
","7.221
"
1720164250.7301416,Fri Jul  5 09:24:10 2024,"21.226
","22.059
","7.221
"
1720164371.051217,Fri Jul  5 09:26:11 2024,"21.245
","22.069
","7.221
"
1720164490.3620167,Fri Jul  5 09:28:10 2024,"21.260
","22.081
","7.219
"
1720164610.670367,Fri Jul  5 09:30:10 2024,"21.276
","22.092
","7.216
"
1720164730.9880323,Fri Jul  5 09:32:10 2024,"21.290
","22.104
","7.211
"
1720164850.2811382,Fri Jul  5 09:34:10 2024,"21.305
","22.114
","7.216
"
1720164970.6050706,Fri Jul  5 09:36:10 2024,"21.311
","22.124
","7.214
"
1720165090.924933,Fri Jul  5 09:38:10 2024,"21.321
","22.134
","7.218
"
1720165211.2300284,Fri Jul  5 09:40:11 2024,"21.328
","22.142
","7.216
"
1720165330.5362647,Fri Jul  5 09:42:10 2024,"21.331
","22.149
","7.215
"
1720165450.8451312,Fri Jul  5 09:44:10 2024,"21.335
","22.156
","7.225
"
1720165571.162764,Fri Jul  5 09:46:11 2024,"21.345
","22.163
","7.227
"
1720165690.4864173,Fri Jul  5 09:48:10 2024,"21.354
","22.168
","7.228
"
1720165810.8056648,Fri Jul  5 09:50:10 2024,"21.361
","22.172
","7.226
"
1720165931.109817,Fri Jul  5 09:52:11 2024,"21.371
","22.176
","7.224
"
1720166050.4222515,Fri Jul  5 09:54:10 2024,"21.380
","22.181
","7.226
"
1720166170.7328176,Fri Jul  5 09:56:10 2024,"21.391
","22.188
","7.224
"
1720166291.0452101,Fri Jul  5 09:58:11 2024,"21.400
","22.196
","7.234
"
1720166410.3601985,Fri Jul  5 10:00:10 2024,"21.407
","22.205
","7.227
"
1720166530.6591353,Fri Jul  5 10:02:10 2024,"21.427
","22.180
","7.232
"
1720166650.9741585,Fri Jul  5 10:04:10 2024,"21.758
","22.169
","7.212
"
1720166770.292005,Fri Jul  5 10:06:10 2024,"21.920
","22.157
","7.175
"
1720166890.6132874,Fri Jul  5 10:08:10 2024,"21.921
","22.144
","7.156
"
1720167010.9233062,Fri Jul  5 10:10:10 2024,"22.143
","22.136
","7.120
"
1720167131.2372882,Fri Jul  5 10:12:11 2024,"22.503
","22.136
","7.122
"
1720167250.5554883,Fri Jul  5 10:14:10 2024,"22.692
","22.147
","7.158
"
1720167370.901091,Fri Jul  5 10:16:10 2024,"22.878
","22.166
","7.205
"
1720167491.2529113,Fri Jul  5 10:18:11 2024,"23.124
","22.183
","7.197
"
1720167610.5694492,Fri Jul  5 10:20:10 2024,"23.375
","22.197
","7.205
"
1720167730.886225,Fri Jul  5 10:22:10 2024,"23.607
","22.209
","7.214
"
1720167851.1955442,Fri Jul  5 10:24:11 2024,"23.741
","22.221
","7.217
"
1720167970.5050411,Fri Jul  5 10:26:10 2024,"23.929
","22.232
","7.216
"
1720168090.808166,Fri Jul  5 10:28:10 2024,"24.192
","22.240
","7.218
"
1720168211.1143515,Fri Jul  5 10:30:11 2024,"24.412
","22.247
","7.225
"
1720168330.423196,Fri Jul  5 10:32:10 2024,"24.634
","22.253
","7.230
"
1720168450.7341895,Fri Jul  5 10:34:10 2024,"24.893
","22.259
","7.235
"
1720168571.0397317,Fri Jul  5 10:36:11 2024,"25.113
","22.265
","7.242
"
1720168690.3413815,Fri Jul  5 10:38:10 2024,"24.919
","22.276
","7.286
"
1720168810.665887,Fri Jul  5 10:40:10 2024,"25.165
","22.291
","7.315
"
1720168930.9805248,Fri Jul  5 10:42:10 2024,"24.888
","22.454
","7.420
"
1720169050.278875,Fri Jul  5 10:44:10 2024,"25.162
","22.454
","7.442
"
1720169170.5945864,Fri Jul  5 10:46:10 2024,"25.150
","22.584
","7.536
"
1720169290.909407,Fri Jul  5 10:48:10 2024,"24.897
","22.801
","7.568
"
1720169411.222566,Fri Jul  5 10:50:11 2024,"25.201
","22.805
","7.572
"
1720169531.0265892,Fri Jul  5 10:52:11 2024,"25.054
","22.979
","7.567
"
1720169650.3269122,Fri Jul  5 10:54:10 2024,"25.048
","23.192
","7.526
"
1720169770.7142184,Fri Jul  5 10:56:10 2024,"24.848
","23.405
","7.500
"
1720169905.374124,Fri Jul  5 10:58:25 2024,"24.866
","23.408
","7.491
"
1720170010.4173934,Fri Jul  5 11:00:10 2024,"24.997
","23.413
","7.482
"
1720170130.7182658,Fri Jul  5 11:02:10 2024,"25.002
","23.418
","7.480
"
1720170251.0220098,Fri Jul  5 11:04:11 2024,"24.682
","23.438
","7.439
"
1720170370.3234184,Fri Jul  5 11:06:10 2024,"24.703
","23.459
","7.436
"
1720170490.6406488,Fri Jul  5 11:08:10 2024,"24.726
","23.478
","7.438
"
1720170610.950585,Fri Jul  5 11:10:10 2024,"24.744
","23.495
","7.439
"
1720170731.2649877,Fri Jul  5 11:12:11 2024,"24.760
","23.510
","7.436
"
1720187410.9265025,Fri Jul  5 15:50:10 2024,"22.362
","24.982
","7.351
"
1720187471.2603264,Fri Jul  5 15:51:11 2024,"22.370
","26.022
","7.421
"
1720187530.5846703,Fri Jul  5 15:52:10 2024,"22.373
","27.123
","7.488
"
1720187590.9219754,Fri Jul  5 15:53:10 2024,"22.371
","28.262
","7.532
"
1720187651.2361686,Fri Jul  5 15:54:11 2024,"30.983
","29.223
","7.583
"
1720187710.5670185,Fri Jul  5 15:55:10 2024,"42.995
","30.323
","7.620
"
1720187770.9006052,Fri Jul  5 15:56:10 2024,"44.865
","31.741
","7.658
"
1720187831.221059,Fri Jul  5 15:57:11 2024,"47.223
","33.115
","7.676
"
1720187890.556186,Fri Jul  5 15:58:10 2024,"49.415
","34.453
","7.724
"
1720187950.8837097,Fri Jul  5 15:59:10 2024,"47.323
","35.921
","7.746
"
1720188011.235063,Fri Jul  5 16:00:11 2024,"43.436
","37.308
","7.766
"
1720188070.5663533,Fri Jul  5 16:01:10 2024,"41.021
","38.373
","7.749
"
1720188130.9273508,Fri Jul  5 16:02:10 2024,"39.615
","39.274
","7.737
"
1720188191.2580886,Fri Jul  5 16:03:11 2024,"39.091
","40.003
","7.722
"
1720188250.5741384,Fri Jul  5 16:04:10 2024,"38.909
","40.450
","7.711
"
1720188310.9060338,Fri Jul  5 16:05:10 2024,"39.059
","40.756
","7.692
"
1720188371.2279425,Fri Jul  5 16:06:11 2024,"39.057
","40.887
","7.673
"
